fixed acidity,volatile acidity,citric acid,residual sugar,chlorides,free sulfur dioxide,total sulfur dioxide,density,pH,sulphates,alcohol,Id,quality
7.4,0.7,0.0,1.9,0.076,11.0,,0.9978,3.51,0.56,9.4,0.0,5
7.8,0.88,0.0,2.6,0.098,25.0,67.0,0.9968,3.2,0.68,9.8,1.0,5
7.8,0.76,0.04,2.3,0.092,15.0,54.0,0.997,3.26,0.65,9.8,2.0,5
11.2,0.28,0.56,1.9,,,60.0,0.998,3.16,0.58,9.8,3.0,6
7.4,0.7,0.0,1.9,0.076,11.0,34.0,0.9978,3.51,0.56,9.4,4.0,5
7.4,0.66,0.0,1.8,0.075,13.0,40.0,0.9978,3.51,0.56,9.4,5.0,5
7.9,0.6,0.06,1.6,0.069,15.0,59.0,0.9964,3.3,0.46,9.4,6.0,5
7.3,0.65,0.0,1.2,0.065,15.0,21.0,0.9946,3.39,0.47,10.0,7.0,7
7.8,0.58,0.02,,0.073,9.0,,0.9968,3.36,0.57,9.5,8.0,7
6.7,0.58,0.08,1.8,0.0969999999999999,15.0,65.0,0.9959,3.28,0.54,9.2,10.0,5
5.6,0.615,0.0,1.6,0.089,16.0,59.0,0.9943,3.58,0.52,9.9,12.0,5
7.8,0.61,0.29,1.6,0.114,9.0,29.0,0.9974,3.26,1.56,9.1,13.0,5
8.5,0.28,0.56,1.8,0.092,35.0,103.0,0.9969,3.3,,10.5,16.0,7
7.9,0.32,0.51,1.8,0.341,17.0,56.0,0.9969,,1.08,9.2,19.0,6
7.6,0.39,0.31,2.3,0.0819999999999999,23.0,71.0,0.9982,,0.65,9.7,21.0,5
7.9,0.43,0.21,1.6,0.106,10.0,37.0,0.9966,3.17,,9.5,22.0,5
,,0.11,2.3,0.084,9.0,67.0,0.9968,3.17,0.53,9.4,23.0,5
6.9,0.4,0.14,2.4,0.085,21.0,40.0,0.9968,3.43,0.63,9.7,24.0,6
6.3,0.39,0.16,1.4,0.08,11.0,,0.9955,3.34,0.56,9.3,25.0,5
7.6,0.41,0.24,1.8,0.08,4.0,11.0,0.9962,3.28,0.59,9.5,26.0,5
7.1,0.71,0.0,1.9,0.08,14.0,35.0,0.9972,3.47,0.55,9.4,28.0,5
7.8,0.645,0.0,2.0,0.0819999999999999,8.0,16.0,0.9964,3.38,,9.8,29.0,6
6.7,0.675,0.07,2.4,0.089,17.0,82.0,0.9958,,0.54,10.1,30.0,5
8.3,0.655,0.12,2.3,0.083,15.0,113.0,0.9966,3.17,0.66,9.8,32.0,5
5.2,0.32,0.25,1.8,0.103,13.0,50.0,0.9957,3.38,0.55,9.2,34.0,5
7.8,0.645,0.0,5.5,0.086,5.0,18.0,0.9986,3.4,0.55,9.6,35.0,6
7.8,0.6,0.14,2.4,0.086,3.0,15.0,0.9975,3.42,0.6,10.8,36.0,6
8.1,0.38,0.28,2.1,0.066,13.0,30.0,0.9968,3.23,0.73,9.7,37.0,7
7.3,0.45,0.36,5.9,0.074,12.0,,0.9978,3.33,0.83,10.5,40.0,5
8.8,0.61,0.3,2.8,0.088,17.0,46.0,0.9976,3.26,0.51,9.3,41.0,4
7.5,0.49,0.2,2.6,0.332,8.0,14.0,0.9968,3.21,0.9,10.5,42.0,6
8.1,0.66,0.22,2.2,,9.0,23.0,0.9968,3.3,1.2,10.3,43.0,5
4.6,0.52,0.15,2.1,0.054,8.0,65.0,0.9934,3.9,0.56,13.1,45.0,4
7.7,0.935,0.43,2.2,0.114,22.0,114.0,0.997,3.25,,9.2,46.0,5
,0.66,0.26,1.7,0.074,4.0,23.0,0.9971,3.15,0.74,9.2,50.0,5
6.6,0.52,0.04,2.2,0.069,,15.0,0.9956,3.4,0.63,9.4,51.0,6
6.6,0.5,0.04,2.1,0.068,6.0,14.0,,3.39,0.64,9.4,52.0,6
,0.38,0.36,3.0,0.081,,119.0,0.997,3.2,0.56,9.4,53.0,5
7.6,0.51,0.15,,0.11,33.0,73.0,,3.17,0.63,10.2,54.0,6
,0.42,0.57,3.4,0.07,4.0,10.0,0.9971,3.04,0.63,9.6,56.0,5
7.8,0.59,0.18,2.3,0.076,17.0,54.0,0.9975,3.43,,10.0,58.0,5
7.3,0.39,0.31,2.4,0.074,9.0,46.0,0.9962,3.41,0.54,9.4,59.0,6
8.8,0.4,0.4,2.2,0.079,19.0,52.0,,3.44,0.64,9.2,60.0,5
7.7,0.69,0.49,1.8,0.115,20.0,112.0,0.9968,3.21,0.71,9.3,,5
7.0,0.735,0.05,2.0,,13.0,54.0,0.9966,3.39,0.57,9.8,63.0,5
7.2,0.725,0.05,4.65,0.086,4.0,11.0,0.9962,3.41,0.39,10.9,64.0,5
7.2,0.725,0.05,4.65,0.086,4.0,11.0,0.9962,3.41,0.39,10.9,65.0,5
6.6,0.705,,1.6,0.076,6.0,15.0,,3.44,0.58,10.7,67.0,5
8.0,0.705,0.05,1.9,0.074,8.0,19.0,0.9962,3.34,0.95,10.5,69.0,6
7.7,0.69,0.22,1.9,0.084,18.0,94.0,0.9961,3.31,0.48,9.5,72.0,5
8.3,0.675,0.26,2.1,0.084,11.0,43.0,0.9976,3.31,0.53,9.2,73.0,4
8.8,0.41,0.64,2.2,0.093,9.0,42.0,0.9986,3.54,0.66,10.5,76.0,5
6.8,0.785,0.0,2.4,0.104,14.0,30.0,0.9966,3.52,0.55,10.7,77.0,6
6.7,0.75,,2.0,0.086,,80.0,0.9958,3.38,,10.1,78.0,5
8.3,0.625,0.2,1.5,0.08,27.0,119.0,0.9972,3.16,1.12,9.1,,4
6.2,0.45,,1.6,0.069,3.0,15.0,0.9958,3.41,,9.2,80.0,5
7.4,0.5,0.47,2.0,0.086,21.0,73.0,0.997,3.36,0.57,9.1,82.0,5
6.3,0.3,0.48,1.8,0.069,18.0,61.0,0.9959,3.44,,10.3,84.0,6
,0.55,0.15,2.2,0.076,19.0,40.0,0.9961,3.41,0.59,10.1,85.0,5
8.6,0.49,0.28,1.9,0.11,20.0,136.0,0.9972,2.93,1.95,9.9,86.0,6
7.7,0.49,0.26,1.9,0.062,9.0,31.0,0.9966,3.39,0.64,9.6,87.0,5
9.3,0.39,0.44,2.1,0.107,34.0,,0.9978,3.14,1.22,9.5,88.0,5
7.0,0.62,0.08,1.8,0.076,8.0,24.0,0.9978,3.48,0.53,9.0,89.0,5
7.9,0.52,0.26,1.9,0.079,42.0,140.0,0.9964,3.23,0.54,9.5,90.0,5
8.6,0.49,0.28,1.9,0.11,20.0,136.0,0.9972,2.93,1.95,9.9,91.0,6
7.7,0.49,0.26,1.9,0.062,9.0,31.0,0.9966,3.39,0.64,9.6,93.0,5
5.0,1.02,0.04,1.4,0.045,41.0,85.0,0.9938,3.75,0.48,10.5,94.0,4
6.8,0.775,0.0,,0.102,8.0,23.0,0.9965,3.45,0.56,10.7,96.0,5
7.6,0.9,0.06,2.5,0.079,5.0,10.0,0.9967,3.39,0.56,9.8,98.0,5
8.1,0.545,0.18,1.9,0.08,13.0,35.0,,3.3,0.59,9.0,99.0,6
8.3,0.61,0.3,2.1,0.084,11.0,50.0,0.9972,3.4,0.61,10.2,100.0,6
8.1,,0.18,1.9,0.08,13.0,35.0,0.9972,3.3,0.59,9.0,102.0,6
8.1,0.575,0.22,2.1,0.077,12.0,65.0,0.9967,3.29,0.51,9.2,103.0,5
7.2,0.49,0.24,2.2,0.07,5.0,36.0,0.996,3.33,0.48,9.4,104.0,5
8.1,0.575,0.22,2.1,0.077,12.0,65.0,,3.29,0.51,9.2,105.0,5
7.8,0.41,0.68,1.7,0.467,18.0,69.0,0.9973,3.08,1.31,9.3,106.0,5
,0.63,0.31,1.7,0.088,15.0,64.0,0.9969,3.46,0.79,9.3,107.0,5
7.8,0.56,0.19,1.8,0.104,12.0,47.0,0.9964,3.19,0.93,9.5,110.0,5
8.4,0.62,0.09,2.2,0.084,11.0,108.0,0.9964,,0.66,9.8,111.0,5
10.1,0.31,0.44,2.3,0.08,22.0,46.0,0.9988,3.32,0.67,9.7,113.0,6
7.8,0.56,0.19,,0.104,12.0,47.0,0.9964,3.19,,9.5,114.0,5
9.4,,0.31,2.2,0.09,13.0,62.0,0.9966,3.07,0.63,10.5,115.0,6
8.3,0.54,,1.9,0.077,11.0,40.0,0.9978,3.39,0.61,10.0,,6
7.3,1.07,0.09,1.7,0.178,10.0,89.0,0.9962,3.3,0.57,9.0,120.0,5
8.8,,0.04,2.2,0.119,14.0,56.0,0.9962,3.21,0.6,10.9,121.0,6
7.3,,0.0,2.5,0.075,3.0,13.0,0.998,3.49,0.52,9.2,122.0,5
7.8,0.5,0.17,1.6,0.0819999999999999,21.0,102.0,0.996,3.39,0.48,9.5,124.0,5
8.2,1.33,0.0,1.7,0.081,3.0,12.0,0.9964,3.53,0.49,10.9,126.0,5
8.1,1.33,0.0,,0.0819999999999999,,12.0,0.9964,3.54,0.48,10.9,127.0,5
,0.59,0.16,1.8,0.065,3.0,16.0,0.9962,3.42,0.92,10.5,,7
8.0,0.745,0.56,2.0,0.118,30.0,134.0,0.9968,3.24,0.66,9.4,130.0,5
5.6,0.5,0.09,,0.049,17.0,99.0,0.9937,3.63,0.63,13.0,131.0,5
7.9,1.04,0.05,2.2,0.084,13.0,29.0,0.9959,3.22,0.55,9.9,134.0,6
8.4,0.745,0.11,1.9,0.09,16.0,63.0,0.9965,3.19,0.82,9.6,135.0,5
7.2,0.415,,2.0,0.081,13.0,45.0,0.9972,3.48,0.64,9.2,137.0,5
8.4,0.745,0.11,1.9,0.09,16.0,63.0,0.9965,3.19,,9.6,140.0,5
5.2,0.34,0.0,1.8,0.05,27.0,63.0,0.9916,3.68,0.79,14.0,142.0,6
6.3,0.39,0.08,1.7,0.066,3.0,20.0,0.9954,3.34,0.58,9.4,143.0,5
5.2,0.34,0.0,1.8,0.05,27.0,63.0,0.9916,,0.79,14.0,144.0,6
8.1,0.67,0.55,1.8,0.1169999999999999,32.0,141.0,0.9968,3.17,0.62,9.4,145.0,5
5.8,0.68,0.02,1.8,0.087,21.0,,0.9944,3.54,0.52,10.0,146.0,5
6.9,0.49,0.1,2.3,0.074,12.0,30.0,0.9959,3.42,0.58,10.2,148.0,6
7.3,0.33,0.47,2.1,0.077,5.0,11.0,,3.33,0.53,10.3,150.0,6
,0.52,1.0,3.4,0.61,32.0,69.0,0.9996,2.74,2.0,9.4,151.0,4
7.5,0.6,0.03,1.8,0.095,25.0,99.0,0.995,3.35,0.54,10.1,152.0,5
7.5,0.6,0.03,1.8,0.095,25.0,99.0,0.995,3.35,0.54,10.1,153.0,5
7.1,0.43,0.42,5.5,0.071,28.0,128.0,0.9973,3.42,0.71,10.5,155.0,5
7.1,0.43,0.42,5.5,0.07,29.0,129.0,0.9973,3.42,0.72,10.5,156.0,5
7.1,0.43,0.42,5.5,0.071,28.0,128.0,0.9973,3.42,0.71,10.5,157.0,5
7.1,0.68,0.0,2.2,0.073,12.0,22.0,0.9969,3.48,0.5,9.3,158.0,5
6.8,0.6,0.18,1.9,0.079,18.0,86.0,0.9968,3.59,0.57,9.3,159.0,6
7.6,0.95,0.03,2.0,0.09,7.0,20.0,0.9959,,0.56,9.6,160.0,5
,0.68,0.02,1.3,0.072,9.0,20.0,0.9965,3.17,1.08,9.2,161.0,4
7.8,0.53,0.04,1.7,0.076,17.0,31.0,0.9964,3.33,0.56,10.0,162.0,6
7.4,0.6,0.26,7.3,0.07,36.0,121.0,,3.37,0.49,9.4,163.0,5
7.3,0.59,0.26,7.2,0.07,35.0,121.0,0.9981,3.37,0.49,9.4,164.0,5
7.8,0.63,0.48,1.7,0.1,14.0,96.0,0.9961,3.19,0.62,9.5,165.0,5
6.8,0.64,0.1,2.1,0.085,18.0,101.0,0.9956,3.34,0.52,10.2,166.0,5
7.3,0.55,0.03,1.6,0.072,17.0,42.0,0.9956,3.37,0.48,9.0,167.0,4
6.8,0.63,0.07,2.1,0.089,11.0,44.0,0.9953,3.47,0.55,10.4,168.0,6
7.9,0.885,0.03,1.8,0.0579999999999999,4.0,8.0,0.9972,3.36,0.33,9.1,170.0,4
8.0,0.42,0.17,2.0,0.073,6.0,18.0,0.9972,3.29,0.61,9.2,172.0,6
7.4,0.62,0.05,1.9,0.068,24.0,42.0,0.9961,3.42,0.57,11.5,173.0,6
6.9,0.5,0.04,1.5,0.085,19.0,49.0,0.9958,3.35,0.78,9.5,175.0,5
7.3,0.38,0.21,2.0,0.08,7.0,35.0,0.9961,3.33,0.47,9.5,176.0,5
7.5,0.52,0.42,,0.087,8.0,38.0,0.9972,3.58,0.61,10.5,177.0,6
7.0,0.805,0.0,2.5,,7.0,20.0,0.9969,3.48,0.56,9.6,178.0,5
8.8,0.61,0.14,,0.067,10.0,42.0,0.9969,3.19,0.59,9.5,179.0,5
8.8,0.61,0.14,2.4,0.067,10.0,42.0,,3.19,,9.5,,5
8.9,0.61,0.49,2.0,0.27,23.0,110.0,0.9972,3.12,1.02,9.3,181.0,5
7.2,0.73,0.02,2.5,0.076,,42.0,0.9972,3.44,,9.3,182.0,5
6.8,0.61,0.2,1.8,0.077,11.0,65.0,0.9971,3.54,,9.3,183.0,5
,0.62,0.21,1.9,0.079,8.0,62.0,0.997,3.52,0.58,9.3,184.0,6
8.9,0.31,0.57,2.0,0.111,26.0,85.0,0.9971,3.26,0.53,9.7,185.0,5
7.4,0.39,0.48,2.0,0.0819999999999999,14.0,67.0,0.9972,3.34,0.55,9.2,186.0,5
7.9,0.5,0.33,2.0,0.084,15.0,143.0,0.9968,3.2,0.55,9.5,188.0,5
8.2,0.5,0.35,2.9,0.077,21.0,127.0,0.9976,3.23,0.62,9.4,190.0,5
6.4,0.37,0.25,1.9,0.074,21.0,49.0,0.9974,3.57,0.62,9.8,191.0,6
7.6,0.55,0.21,2.2,0.071,7.0,28.0,0.9964,3.28,0.55,9.7,193.0,5
7.6,0.55,0.21,,0.071,7.0,28.0,0.9964,3.28,0.55,9.7,194.0,5
7.3,0.58,0.3,2.4,0.074,15.0,55.0,0.9968,3.46,0.59,10.2,196.0,5
11.5,0.3,0.6,2.0,0.067,12.0,27.0,0.9981,3.11,0.97,10.1,197.0,6
6.9,1.09,0.06,2.1,0.061,12.0,31.0,0.9948,3.51,0.43,11.4,199.0,4
9.6,0.32,0.47,1.4,0.0559999999999999,9.0,,0.99695,3.22,0.82,10.3,200.0,7
7.0,0.43,0.36,1.6,0.089,14.0,37.0,0.99615,,0.56,9.2,204.0,6
12.8,0.3,0.74,2.6,0.095,9.0,28.0,0.9994,3.2,0.77,10.8,205.0,7
12.8,0.3,0.74,2.6,,9.0,28.0,0.9994,3.2,0.77,10.8,206.0,7
7.8,0.44,0.28,2.7,0.1,18.0,95.0,0.9966,3.22,0.67,9.4,208.0,5
9.7,0.53,0.6,2.0,0.039,5.0,19.0,0.99585,3.3,0.86,,210.0,6
8.0,0.725,0.24,2.8,0.083,10.0,62.0,0.99685,3.35,0.56,10.0,211.0,6
8.2,0.57,0.26,2.2,0.06,28.0,65.0,0.9959,3.3,0.43,10.1,213.0,5
7.8,0.735,0.08,,0.092,10.0,41.0,0.9974,3.24,0.71,9.8,214.0,6
7.0,0.49,0.49,5.6,0.06,26.0,121.0,0.9974,3.34,0.76,10.5,215.0,5
8.7,,0.16,2.0,0.1009999999999999,13.0,49.0,0.9962,3.14,0.57,11.0,216.0,5
8.1,0.725,0.22,2.2,0.072,11.0,41.0,0.9967,3.36,0.55,9.1,217.0,5
7.5,0.49,0.19,1.9,0.076,10.0,44.0,0.9957,3.39,0.54,9.7,218.0,5
7.8,0.34,0.37,2.0,0.0819999999999999,24.0,58.0,0.9964,3.34,0.59,9.4,220.0,6
7.4,0.53,0.26,2.0,0.1009999999999999,16.0,72.0,0.9957,3.15,0.57,9.4,221.0,5
6.8,0.61,0.04,1.5,0.057,5.0,10.0,0.99525,3.42,0.6,9.5,222.0,5
8.6,0.645,0.25,2.0,0.083,8.0,28.0,0.99815,3.28,0.6,10.0,223.0,6
7.7,0.43,0.25,2.6,0.073,29.0,63.0,0.99615,3.37,0.58,10.5,225.0,6
8.9,0.59,0.5,2.0,0.337,27.0,81.0,0.9964,3.04,1.61,9.5,226.0,6
5.2,0.48,0.04,1.6,0.054,19.0,,0.9927,3.54,0.62,12.2,230.0,7
8.0,0.38,0.06,1.8,0.078,12.0,49.0,0.99625,3.37,0.52,9.9,231.0,6
8.5,0.37,0.2,2.8,0.09,18.0,58.0,0.998,3.34,0.7,9.6,232.0,6
8.2,1.0,0.09,2.3,0.065,7.0,37.0,0.99685,3.32,0.55,9.0,234.0,6
7.2,0.63,0.0,1.9,0.0969999999999999,14.0,38.0,0.99675,3.37,0.58,9.0,235.0,6
8.9,0.635,0.37,1.7,0.263,5.0,62.0,0.9971,3.0,1.09,9.3,240.0,5
12.0,0.38,0.56,2.1,0.093,6.0,24.0,0.99925,3.14,0.71,10.9,241.0,6
7.7,0.58,0.1,1.8,0.102,28.0,109.0,0.99565,3.08,0.49,9.8,242.0,6
15.0,0.21,0.44,2.2,0.075,10.0,24.0,1.00005,3.07,0.84,9.2,243.0,7
15.0,0.21,0.44,2.2,0.075,10.0,24.0,1.00005,3.07,0.84,9.2,244.0,7
7.3,0.66,0.0,2.0,0.084,6.0,23.0,0.9983,3.61,0.96,9.9,245.0,6
7.1,0.68,0.07,1.9,0.075,16.0,51.0,0.99685,3.38,0.52,9.5,246.0,5
7.3,,0.0,2.0,0.084,6.0,23.0,0.9983,3.61,0.96,9.9,249.0,6
10.8,0.32,,1.6,0.063,16.0,37.0,0.9985,3.22,0.78,10.0,250.0,6
7.1,0.6,0.0,1.8,0.074,16.0,34.0,0.9972,3.47,0.7,9.9,251.0,6
11.1,0.35,0.48,3.1,0.09,5.0,21.0,0.9986,3.17,,10.5,,5
7.7,0.775,0.42,1.9,0.092,8.0,86.0,0.9959,3.23,0.59,9.5,253.0,5
8.0,0.57,0.23,3.2,0.073,17.0,119.0,0.99675,3.26,0.57,9.3,255.0,5
9.4,0.34,,2.2,0.075,5.0,13.0,0.998,3.22,0.62,9.2,256.0,5
6.6,,0.0,2.1,0.075,12.0,56.0,0.9968,3.49,0.67,9.2,257.0,5
7.7,0.41,,1.8,0.611,,45.0,0.9968,3.06,,9.4,258.0,5
10.0,0.31,0.47,2.6,0.085,14.0,,0.99965,3.36,0.8,,259.0,7
7.9,0.33,0.23,1.7,0.077,18.0,45.0,0.99625,3.29,0.65,9.3,260.0,5
7.0,0.975,0.04,2.0,0.087,12.0,67.0,0.99565,3.35,0.6,9.4,261.0,4
8.0,0.52,0.03,1.7,0.07,10.0,35.0,0.99575,3.34,0.57,10.0,262.0,5
7.9,0.37,0.23,1.8,0.077,23.0,49.0,0.9963,3.28,0.67,9.3,,5
12.5,0.56,0.49,2.4,0.064,5.0,27.0,0.9999,3.08,0.87,10.9,264.0,5
8.1,0.87,0.0,3.3,0.096,26.0,61.0,1.00025,3.6,0.72,9.8,266.0,4
7.9,0.35,0.46,3.6,0.078,15.0,37.0,0.9973,3.35,0.86,12.8,267.0,8
6.9,0.54,0.04,3.0,0.077,7.0,27.0,0.9987,3.69,0.91,9.4,268.0,6
11.5,0.18,0.51,4.0,0.104,4.0,23.0,0.9996,3.28,0.97,10.1,269.0,6
7.9,0.545,0.06,4.0,0.087,,61.0,0.9965,3.36,0.67,10.7,270.0,6
7.9,0.545,0.06,4.0,0.087,27.0,61.0,0.9965,3.36,0.67,10.7,275.0,6
6.9,0.54,0.04,3.0,0.077,7.0,27.0,0.9987,3.69,0.91,9.4,276.0,6
11.5,0.18,0.51,4.0,0.104,4.0,23.0,0.9996,3.28,0.97,10.1,277.0,6
10.3,0.32,0.45,6.4,0.073,5.0,13.0,,3.23,0.82,12.6,278.0,8
8.9,0.4,0.32,5.6,0.087,10.0,,0.9991,3.38,0.77,10.5,,7
,0.26,0.44,3.6,0.071,6.0,19.0,0.9986,3.12,0.82,9.3,280.0,6
7.7,0.27,0.68,3.5,0.358,5.0,10.0,0.9972,3.25,1.08,9.9,281.0,7
8.9,0.4,0.32,5.6,0.087,10.0,47.0,0.9991,3.38,0.77,10.5,283.0,7
9.9,0.59,0.07,3.4,0.102,32.0,71.0,,3.31,0.71,9.8,,5
9.9,0.59,0.07,3.4,0.102,32.0,71.0,1.00015,3.31,0.71,9.8,285.0,5
12.0,0.45,0.55,2.0,,25.0,49.0,0.9997,3.1,0.76,10.3,286.0,6
7.5,0.4,0.12,3.0,0.092,29.0,53.0,0.9967,3.37,0.7,10.3,287.0,6
8.7,0.52,0.09,,0.091,20.0,49.0,0.9976,3.34,0.86,,288.0,7
11.6,0.42,0.53,3.3,0.105,33.0,98.0,1.001,,0.95,9.2,289.0,5
8.7,0.52,0.09,2.5,,20.0,49.0,0.9976,3.34,0.86,,290.0,7
10.4,0.55,0.23,2.7,0.091,18.0,48.0,0.9994,3.22,0.64,10.3,292.0,6
6.9,0.36,0.25,2.4,0.098,5.0,16.0,,3.41,0.6,10.1,293.0,6
13.3,0.34,0.52,3.2,0.094,17.0,53.0,1.0014,3.05,0.81,9.5,294.0,6
10.8,0.5,0.46,2.5,0.073,5.0,27.0,1.0001,3.05,0.64,9.5,295.0,5
10.6,0.83,0.37,2.6,0.086,26.0,70.0,0.9981,3.16,0.52,9.9,296.0,5
7.1,0.63,0.06,2.0,0.083,8.0,29.0,0.99855,3.67,0.73,,,5
7.2,0.65,0.02,2.3,0.094,,31.0,0.9993,3.67,0.8,9.7,298.0,5
7.5,0.53,0.06,2.6,0.086,20.0,44.0,0.9965,,0.59,10.7,300.0,6
11.1,0.18,0.48,1.5,0.068,,15.0,0.9973,3.22,0.64,10.1,301.0,6
8.3,0.705,0.12,2.6,0.092,12.0,28.0,0.9994,3.51,0.72,10.0,302.0,5
8.4,0.65,0.6,2.1,,12.0,90.0,0.9973,3.2,0.52,9.2,304.0,5
7.6,0.62,0.32,2.2,0.0819999999999999,7.0,,0.9966,3.36,0.52,9.4,306.0,5
10.3,0.41,0.42,2.4,0.213,6.0,14.0,0.9994,3.19,0.62,9.5,307.0,6
10.3,0.43,0.44,2.4,0.214,5.0,12.0,0.9994,3.19,0.63,9.5,308.0,6
7.9,0.53,0.24,2.0,0.072,15.0,105.0,,,0.54,9.4,311.0,6
9.0,0.46,0.31,2.8,0.093,19.0,98.0,0.99815,3.32,0.63,9.5,312.0,6
8.6,0.47,0.3,3.0,0.076,,135.0,0.9976,3.3,0.53,,313.0,5
7.4,0.36,0.29,2.6,0.087,26.0,72.0,0.99645,3.39,0.68,11.0,314.0,5
9.8,0.66,,3.2,0.083,21.0,59.0,0.9989,3.37,0.71,11.5,318.0,7
9.6,,,2.9,0.0819999999999999,30.0,,0.99865,3.3,0.64,10.4,319.0,6
9.3,0.61,,3.4,0.09,25.0,87.0,,3.24,0.62,9.7,321.0,5
10.0,0.49,0.2,11.0,0.071,,50.0,1.0015,3.16,0.69,9.2,324.0,6
10.0,0.49,0.2,11.0,,13.0,50.0,1.0015,3.16,0.69,9.2,325.0,6
11.6,0.53,0.66,3.65,0.121,,14.0,,3.05,0.74,11.5,326.0,7
10.3,0.44,0.5,4.5,0.107,,13.0,0.998,3.28,0.83,11.5,327.0,5
13.4,0.27,0.62,2.6,0.0819999999999999,6.0,21.0,1.0002,3.16,0.67,9.7,328.0,6
8.4,0.56,,2.1,0.105,16.0,44.0,0.9958,3.13,0.52,11.0,333.0,5
7.9,0.65,0.01,2.5,0.078,17.0,38.0,0.9963,3.34,0.74,11.7,334.0,7
11.9,0.695,0.53,3.4,0.128,7.0,21.0,0.9992,3.17,0.84,12.2,335.0,7
8.9,0.43,0.45,1.9,0.052,6.0,16.0,0.9948,3.35,0.7,12.5,336.0,6
7.8,0.43,0.32,2.8,0.08,29.0,58.0,0.9974,3.31,0.64,10.3,337.0,5
12.5,0.28,0.54,2.3,0.0819999999999999,12.0,29.0,0.9997,3.11,1.36,9.8,339.0,7
10.9,0.39,0.47,1.8,0.118,6.0,14.0,0.9982,3.3,0.75,9.8,342.0,6
10.9,0.39,0.47,1.8,0.118,6.0,14.0,0.9982,3.3,0.75,9.8,343.0,6
11.9,0.57,0.5,2.6,0.0819999999999999,6.0,,1.0006,3.12,0.78,10.7,344.0,6
13.8,0.49,0.67,3.0,0.093,6.0,15.0,0.9986,3.02,0.93,12.0,347.0,6
9.6,,0.31,2.8,0.089,15.0,46.0,0.9979,3.11,0.92,10.0,348.0,6
9.1,0.795,0.0,2.6,0.096,11.0,26.0,0.9994,3.35,0.83,9.4,351.0,6
7.7,0.665,0.0,2.4,0.09,8.0,19.0,0.9974,3.27,0.73,9.3,,5
13.5,0.53,0.79,4.8,0.12,23.0,77.0,1.0018,3.18,0.77,13.0,353.0,5
6.1,0.21,0.4,1.4,0.066,40.5,165.0,0.9912,3.25,0.59,11.9,354.0,6
6.7,0.75,0.01,2.4,0.078,17.0,32.0,0.9955,3.55,0.61,12.8,,6
11.5,0.41,0.52,3.0,0.08,29.0,55.0,1.0001,3.26,0.88,11.0,356.0,5
10.5,0.42,0.66,2.95,0.1159999999999999,12.0,,0.997,3.24,0.75,11.7,357.0,7
11.9,0.43,0.66,3.1,0.109,10.0,23.0,1.0,3.15,0.85,10.4,358.0,7
12.6,0.38,0.66,2.6,0.088,10.0,41.0,,3.17,,9.8,,6
8.2,0.7,0.23,2.0,0.099,14.0,81.0,0.9973,3.19,0.7,9.4,360.0,5
8.6,0.45,0.31,2.6,0.086,21.0,50.0,0.9982,3.37,0.91,9.9,361.0,6
11.9,0.58,,2.5,0.072,6.0,37.0,0.9992,3.05,0.56,10.0,362.0,5
12.5,0.46,0.63,2.0,0.071,6.0,15.0,,2.99,0.87,,363.0,5
12.8,,0.66,5.8,0.083,7.0,42.0,1.0022,3.07,0.73,10.0,364.0,7
12.8,0.615,0.66,5.8,0.083,7.0,,1.0022,3.07,0.73,10.0,366.0,7
10.4,0.575,0.61,2.6,0.076,11.0,24.0,1.0,3.16,0.69,9.0,367.0,5
9.4,0.27,0.53,2.4,0.074,6.0,18.0,0.9962,3.2,1.13,12.0,369.0,7
7.9,0.24,0.4,1.6,0.0559999999999999,11.0,25.0,0.9967,3.32,0.87,8.7,371.0,6
,0.28,0.48,1.8,0.067,26.0,46.0,0.9967,3.32,1.04,10.6,372.0,6
11.5,0.45,0.5,3.0,0.078,19.0,47.0,1.0003,3.26,1.11,11.0,376.0,6
9.4,0.27,0.53,2.4,0.074,6.0,18.0,0.9962,3.2,1.13,12.0,377.0,7
11.4,0.625,0.66,6.2,0.088,6.0,24.0,0.9988,3.11,0.99,13.3,378.0,6
8.3,0.26,0.42,2.0,0.08,11.0,27.0,0.9974,,0.8,9.4,,6
7.7,0.51,0.28,2.1,0.087,23.0,54.0,0.998,3.42,0.74,9.2,384.0,5
7.8,0.46,0.26,1.9,0.088,23.0,53.0,0.9981,3.43,0.74,9.2,388.0,6
5.6,,0.05,1.4,0.045,12.0,88.0,0.9924,3.56,0.82,12.9,390.0,8
13.7,0.415,0.68,2.9,0.085,17.0,43.0,1.0014,,0.8,10.0,391.0,6
9.5,0.37,0.52,2.0,0.0819999999999999,6.0,,0.998,3.18,0.51,9.5,392.0,5
12.0,0.37,0.76,4.2,0.066,7.0,38.0,1.0004,3.22,0.6,13.0,395.0,7
6.6,0.735,0.02,7.9,0.122,68.0,124.0,0.9994,3.47,0.53,9.9,396.0,5
11.5,0.59,0.59,2.6,,13.0,49.0,0.9988,3.18,0.65,11.0,397.0,6
8.7,,0.22,2.3,0.064,9.0,42.0,0.9963,3.1,0.55,9.4,,5
6.6,0.735,0.02,7.9,0.122,68.0,124.0,0.9994,3.47,0.53,9.9,400.0,5
12.2,0.48,0.54,2.6,0.085,19.0,64.0,1.0,3.1,0.61,10.5,402.0,6
11.4,0.6,0.49,2.7,0.085,10.0,41.0,0.9994,3.15,0.63,10.5,403.0,6
7.7,0.69,0.05,2.7,0.075,15.0,27.0,0.9974,3.26,,9.1,404.0,5
9.8,,0.47,2.5,0.063,9.0,28.0,0.9981,3.24,0.65,10.8,406.0,6
12.0,0.39,0.66,3.0,0.093,,30.0,0.9996,3.18,0.63,10.8,407.0,7
12.5,0.46,0.49,4.5,0.07,26.0,49.0,0.9981,3.05,0.57,9.6,409.0,4
9.0,0.43,0.34,,0.08,26.0,86.0,0.9987,3.38,0.62,9.5,410.0,6
7.1,,0.16,1.9,0.1,,77.0,0.9966,3.27,0.64,9.3,412.0,5
9.9,0.4,0.53,6.7,0.0969999999999999,,19.0,0.9986,3.27,0.82,11.7,413.0,7
8.8,0.52,0.34,2.7,0.087,24.0,122.0,0.9982,3.26,0.61,9.5,414.0,5
8.6,0.725,0.24,6.6,0.1169999999999999,31.0,134.0,1.0014,3.32,1.07,9.3,,5
,0.48,0.64,2.2,0.111,6.0,20.0,0.997,3.26,0.66,11.7,416.0,6
7.0,0.58,0.12,1.9,0.091,34.0,124.0,0.9956,3.44,0.48,10.5,417.0,5
11.9,0.38,0.51,2.0,0.121,7.0,20.0,,3.24,0.76,10.4,418.0,6
6.8,0.77,0.0,1.8,0.066,,52.0,0.9976,,0.68,9.9,419.0,5
6.6,0.84,0.03,2.3,0.059,32.0,48.0,0.9952,3.52,0.56,12.3,,7
7.7,0.96,0.2,2.0,0.047,15.0,60.0,0.9955,3.36,0.44,10.9,422.0,5
10.5,0.24,0.47,2.1,0.066,6.0,24.0,0.9978,3.15,0.9,11.0,423.0,7
6.6,0.84,0.03,2.3,0.059,32.0,48.0,0.9952,3.52,0.56,,425.0,7
6.4,,0.08,2.1,0.045,19.0,48.0,0.9949,3.49,0.49,11.4,426.0,6
9.5,,0.22,1.9,0.077,6.0,32.0,0.9988,3.26,0.56,10.6,427.0,6
9.1,0.52,0.33,1.3,0.07,9.0,30.0,0.9978,3.24,0.6,9.3,428.0,5
12.8,0.84,0.63,2.4,0.088,13.0,35.0,0.9997,3.1,0.6,10.4,429.0,6
10.5,0.24,0.47,2.1,0.066,6.0,24.0,0.9978,3.15,0.9,11.0,430.0,7
7.8,0.55,0.35,2.2,0.074,21.0,66.0,0.9974,3.25,0.56,9.2,431.0,5
12.3,0.39,0.63,2.3,0.091,6.0,18.0,1.0004,3.16,,9.5,433.0,5
10.4,0.41,0.55,3.2,0.076,22.0,54.0,0.9996,3.15,0.89,9.9,434.0,6
12.3,0.39,0.63,2.3,0.091,6.0,,1.0004,3.16,,9.5,435.0,5
8.0,0.67,0.3,2.0,0.06,38.0,62.0,,3.26,0.56,10.2,436.0,6
11.1,0.45,0.73,3.2,0.066,6.0,22.0,0.9986,3.17,0.66,11.2,437.0,6
7.0,0.62,0.18,1.5,0.062,7.0,50.0,0.9951,3.08,0.6,9.3,,5
12.6,0.31,0.72,2.2,,6.0,29.0,0.9987,2.88,0.82,9.8,440.0,8
15.6,0.685,0.76,3.7,0.1,6.0,43.0,1.0032,2.95,0.68,11.2,442.0,7
5.3,0.57,0.01,1.7,0.054,5.0,27.0,0.9934,3.57,0.84,12.5,444.0,7
12.5,0.38,0.6,2.6,0.081,31.0,72.0,0.9996,3.1,0.73,10.5,446.0,5
,0.48,0.29,2.1,0.127,6.0,16.0,0.9968,3.22,0.72,11.2,447.0,5
8.6,0.53,0.22,2.0,0.1,7.0,27.0,,3.2,0.56,10.2,448.0,6
11.9,0.39,0.69,2.8,0.095,17.0,35.0,0.9994,3.1,0.61,10.8,449.0,6
11.9,0.39,0.69,2.8,0.095,17.0,35.0,0.9994,3.1,0.61,10.8,450.0,6
6.8,0.56,0.03,1.7,0.084,18.0,35.0,0.9968,3.44,0.63,,452.0,6
10.4,0.33,0.63,2.8,0.084,5.0,22.0,0.9998,3.26,0.74,11.2,453.0,7
7.0,0.23,0.4,1.6,0.063,21.0,67.0,0.9952,3.5,0.63,11.1,454.0,5
11.3,0.62,0.67,5.2,0.086,6.0,19.0,0.9988,3.22,0.69,13.4,455.0,8
8.9,0.59,0.39,,0.095,5.0,22.0,0.9986,3.37,0.58,10.3,456.0,5
,0.63,0.21,2.7,0.0969999999999999,29.0,65.0,0.9988,,0.58,9.6,457.0,5
11.6,0.58,0.66,2.2,0.074,,47.0,1.0008,3.25,0.57,9.0,459.0,3
9.2,0.43,0.52,2.3,,14.0,23.0,,3.35,0.61,11.3,460.0,6
8.3,0.615,0.22,2.6,0.087,6.0,19.0,0.9982,3.26,0.61,9.3,461.0,5
11.5,0.315,0.54,2.1,0.084,5.0,15.0,0.9987,2.98,0.7,9.2,464.0,6
10.3,0.5,,2.0,0.069,21.0,51.0,0.9982,3.16,0.72,11.5,466.0,6
8.8,0.46,0.45,2.6,0.065,7.0,18.0,0.9947,3.32,0.79,14.0,467.0,6
11.4,0.36,0.69,2.1,0.09,6.0,21.0,1.0,3.17,0.62,9.2,468.0,6
8.7,0.82,0.02,1.2,,36.0,48.0,0.9952,3.2,0.58,9.8,469.0,5
13.0,0.32,0.65,2.6,0.093,15.0,47.0,0.9996,3.05,0.61,10.6,470.0,5
9.6,0.54,0.42,2.4,0.081,25.0,52.0,0.997,3.2,0.71,11.4,471.0,6
12.5,0.37,0.55,2.6,0.083,25.0,68.0,0.9995,3.15,0.82,10.4,472.0,6
9.6,0.68,0.24,2.2,0.087,5.0,28.0,0.9988,3.14,0.6,10.2,475.0,5
9.3,0.27,0.41,2.0,0.091,6.0,16.0,0.998,3.28,0.7,9.7,476.0,5
10.4,0.24,0.49,,0.075,6.0,,0.9977,3.18,1.06,11.0,477.0,6
9.4,,0.11,2.7,0.077,6.0,31.0,0.9984,3.19,0.7,10.1,479.0,6
10.6,0.28,0.39,15.5,0.069,6.0,23.0,1.0026,3.12,0.66,9.2,480.0,5
9.4,0.3,,2.8,0.08,6.0,17.0,0.9964,3.15,0.92,11.7,481.0,8
10.6,0.36,0.6,2.2,0.152,7.0,18.0,0.9986,3.04,1.06,9.4,483.0,5
10.2,0.67,0.39,1.9,0.054,6.0,17.0,,3.17,0.47,10.0,485.0,5
10.2,0.645,,1.8,0.053,5.0,14.0,0.9982,3.17,0.42,10.0,,6
9.3,0.39,0.4,2.6,0.073,10.0,26.0,0.9984,3.34,0.75,10.2,489.0,6
9.2,0.41,0.5,2.5,0.055,12.0,,0.9952,3.34,0.79,13.3,491.0,7
8.9,,0.51,2.6,0.052,13.0,27.0,,3.32,0.9,13.4,492.0,7
8.7,0.69,0.31,3.0,0.086,,81.0,1.0002,3.48,0.74,11.6,493.0,6
6.5,0.39,0.23,8.3,0.051,28.0,91.0,0.9952,3.44,0.55,12.1,494.0,6
10.7,0.35,0.53,2.6,0.07,5.0,16.0,0.9972,3.15,0.65,11.0,495.0,8
7.8,,0.25,1.9,0.081,14.0,38.0,0.9984,,0.65,9.0,496.0,6
7.2,0.34,0.32,2.5,0.09,43.0,,0.9966,3.32,0.79,11.1,497.0,5
10.7,0.35,0.53,2.6,0.07,5.0,16.0,0.9972,3.15,0.65,11.0,498.0,8
8.7,0.69,0.31,3.0,0.086,23.0,81.0,1.0002,3.48,0.74,11.6,499.0,6
7.8,0.52,,1.9,,14.0,38.0,0.9984,3.43,0.65,9.0,500.0,6
10.4,0.44,0.73,6.55,0.074,38.0,76.0,0.999,3.17,0.85,12.0,501.0,7
10.4,0.44,0.73,6.55,0.074,38.0,76.0,0.999,3.17,0.85,12.0,502.0,7
10.5,0.24,0.42,1.8,0.077,6.0,22.0,0.9976,3.21,1.05,10.8,504.0,7
10.2,0.49,0.63,2.9,0.072,10.0,26.0,0.9968,3.16,0.78,12.5,505.0,7
10.4,0.24,0.46,1.8,0.075,6.0,21.0,0.9976,3.25,1.02,10.8,506.0,7
11.2,0.67,0.55,2.3,0.084,6.0,13.0,1.0,3.17,0.71,9.5,507.0,6
13.3,0.29,0.75,2.8,0.084,23.0,43.0,0.9986,3.04,0.68,11.4,509.0,7
10.0,0.59,0.31,2.2,0.09,,62.0,0.9994,3.18,0.63,10.2,,6
10.7,0.4,0.48,,0.125,15.0,49.0,,3.03,0.81,9.7,512.0,6
10.5,0.51,0.64,2.4,0.107,6.0,15.0,0.9973,3.09,0.66,11.8,513.0,7
10.5,,0.64,2.4,0.107,6.0,15.0,0.9973,3.09,0.66,,514.0,7
8.5,0.655,0.49,,0.122,34.0,151.0,1.001,3.31,1.14,9.3,515.0,5
12.5,0.6,0.49,4.3,0.1,5.0,14.0,1.001,3.25,0.74,11.9,516.0,6
10.4,0.61,0.49,2.1,0.2,5.0,16.0,0.9994,,0.63,8.4,517.0,3
9.8,0.25,0.49,2.7,0.088,15.0,33.0,0.9982,3.42,0.9,10.0,520.0,6
9.3,0.4,0.49,2.5,0.085,38.0,142.0,0.9978,3.22,0.55,9.4,523.0,5
9.2,,0.49,2.4,0.086,23.0,116.0,0.9976,3.23,0.64,9.5,524.0,5
7.0,0.38,0.49,2.5,0.0969999999999999,33.0,85.0,,3.39,0.77,11.4,,6
9.9,0.63,0.24,2.4,0.077,6.0,,0.9974,3.09,0.57,9.4,529.0,5
9.1,0.22,0.24,2.1,0.078,1.0,28.0,0.999,3.41,,10.3,530.0,6
11.9,0.38,0.49,,0.098,12.0,42.0,1.0004,3.16,0.61,10.3,531.0,5
11.9,0.38,0.49,2.7,0.098,12.0,42.0,1.0004,3.16,,10.3,532.0,5
10.3,0.27,0.24,2.1,0.072,15.0,33.0,0.9956,3.22,0.66,12.8,533.0,6
10.0,0.48,,2.7,0.102,13.0,32.0,1.0,3.28,0.56,10.0,534.0,6
9.1,0.22,0.24,2.1,0.078,,28.0,0.999,3.41,0.87,10.3,535.0,6
9.9,0.63,0.24,2.4,0.077,6.0,33.0,0.9974,3.09,0.57,9.4,536.0,5
8.1,0.825,0.24,2.1,0.084,,13.0,0.9972,,0.77,10.7,537.0,6
12.9,0.35,0.49,5.8,0.066,5.0,35.0,1.0014,3.2,0.66,12.0,,7
11.2,0.5,0.74,5.15,0.1,5.0,17.0,0.9996,3.22,0.62,11.2,539.0,5
,0.59,0.24,,0.1009999999999999,20.0,47.0,0.9988,3.26,0.67,9.6,540.0,5
9.5,0.46,0.49,6.3,0.064,5.0,17.0,0.9988,3.21,0.73,11.0,541.0,6
9.3,0.715,,2.1,0.07,5.0,20.0,0.9966,3.12,0.59,9.9,542.0,5
11.2,0.66,0.24,2.5,0.085,16.0,53.0,,3.06,0.72,11.0,543.0,6
14.3,0.31,0.74,1.8,0.075,6.0,15.0,1.0008,2.86,0.79,8.4,544.0,6
9.1,0.47,0.49,2.6,0.094,38.0,106.0,0.9982,3.08,,9.1,545.0,5
7.5,0.55,0.24,2.0,0.078,10.0,28.0,0.9983,,0.78,9.5,546.0,6
10.6,0.31,0.49,2.5,0.067,6.0,21.0,0.9987,3.26,0.86,10.7,547.0,6
12.4,0.35,0.49,2.6,0.079,27.0,69.0,0.9994,3.12,0.75,10.4,548.0,6
6.8,0.51,0.01,2.1,0.074,9.0,25.0,0.9958,3.33,0.56,9.5,550.0,6
9.4,0.43,0.24,2.8,0.092,14.0,45.0,0.998,3.19,0.73,10.0,551.0,6
9.5,0.46,0.24,2.7,0.092,14.0,44.0,0.998,3.12,0.74,10.0,552.0,6
5.0,1.04,0.24,1.6,0.05,32.0,96.0,0.9934,3.74,,11.5,553.0,5
15.5,0.645,0.49,4.2,,10.0,23.0,1.00315,2.92,0.74,11.1,554.0,5
10.9,0.53,0.49,4.6,0.118,10.0,17.0,1.0002,3.07,0.56,11.7,556.0,6
15.6,0.645,0.49,4.2,0.095,10.0,23.0,1.00315,2.92,0.74,11.1,557.0,5
13.0,0.47,0.49,4.3,0.085,6.0,47.0,1.0021,3.3,0.68,12.7,559.0,6
12.7,0.6,0.49,2.8,0.075,5.0,19.0,0.9994,3.14,0.57,11.4,560.0,5
9.0,,0.49,2.9,,41.0,110.0,0.9982,3.08,0.61,9.2,562.0,5
7.6,0.29,0.49,2.7,0.092,25.0,60.0,0.9971,3.31,0.61,,563.0,6
13.0,0.47,0.49,4.3,0.085,,47.0,1.0021,3.3,0.68,12.7,564.0,6
12.7,0.6,0.49,2.8,0.075,5.0,19.0,0.9994,3.14,0.57,11.4,565.0,5
8.7,0.7,0.24,2.5,0.226,5.0,15.0,0.9991,3.32,0.6,9.0,567.0,6
9.8,0.5,0.49,2.6,0.25,5.0,20.0,0.999,3.31,0.79,10.7,568.0,6
6.2,0.36,0.24,2.2,0.095,19.0,42.0,0.9946,3.57,0.57,11.7,569.0,6
11.5,0.35,0.49,3.3,0.07,10.0,37.0,1.0003,3.32,0.91,11.0,570.0,6
10.2,0.24,0.49,2.4,0.075,10.0,28.0,,,0.61,10.4,572.0,5
9.9,0.5,0.24,2.3,0.103,6.0,14.0,0.9978,3.34,0.52,10.0,576.0,4
8.8,0.44,0.49,2.8,0.083,18.0,111.0,0.9982,3.3,0.6,9.5,577.0,5
,0.47,0.49,,0.085,17.0,110.0,0.9982,3.29,0.6,9.8,578.0,5
10.6,0.31,0.49,2.2,0.063,18.0,40.0,0.9976,3.14,0.51,,,6
12.3,0.5,0.49,2.2,0.089,5.0,14.0,1.0002,3.19,0.44,9.6,580.0,5
12.3,,0.49,2.2,0.089,5.0,14.0,1.0002,3.19,0.44,9.6,581.0,5
,0.28,0.49,1.9,0.074,,21.0,0.9976,2.98,0.66,9.9,583.0,7
7.3,0.73,0.24,1.9,0.108,18.0,102.0,0.9967,3.26,0.59,,587.0,5
,0.42,0.24,2.0,0.06,19.0,50.0,0.9917,3.72,0.74,14.0,588.0,8
,0.45,0.49,,0.084,21.0,75.0,,,0.57,9.7,590.0,5
6.6,0.39,,1.7,0.07,23.0,149.0,,3.12,0.5,11.5,591.0,6
9.0,0.45,0.49,2.6,0.084,21.0,75.0,0.9987,,0.57,9.7,592.0,5
9.9,0.49,0.58,3.5,0.094,9.0,43.0,1.0004,3.29,0.58,9.0,593.0,5
8.9,0.595,0.41,7.9,0.086,30.0,109.0,0.9998,3.27,0.57,9.3,595.0,5
12.4,0.4,0.51,2.0,0.059,6.0,24.0,0.9994,3.04,0.6,9.3,596.0,6
8.5,0.585,0.18,2.1,0.078,5.0,30.0,0.9967,,0.48,9.8,598.0,6
7.7,0.835,0.0,2.6,0.081,6.0,14.0,0.9975,3.3,0.52,9.3,602.0,5
8.3,0.58,0.13,2.9,0.096,14.0,63.0,0.9984,,0.62,9.1,604.0,6
8.8,0.48,0.41,3.3,0.092,26.0,52.0,0.9982,3.31,0.53,10.5,607.0,6
10.1,,0.37,5.1,0.11,11.0,65.0,1.0026,3.32,0.64,10.4,608.0,6
6.3,0.36,0.19,3.2,0.075,15.0,39.0,0.9956,3.56,0.52,12.7,609.0,6
8.8,0.24,0.54,2.5,0.083,25.0,57.0,0.9983,3.39,0.54,9.2,610.0,5
13.2,0.38,0.55,2.7,0.081,5.0,16.0,1.0006,2.98,0.54,9.4,611.0,5
7.5,0.64,0.0,2.4,0.077,18.0,29.0,0.9965,3.32,0.6,10.0,612.0,6
9.6,0.6,,2.3,0.079,28.0,71.0,0.9997,3.5,0.57,9.7,616.0,5
11.5,,0.51,2.2,,14.0,28.0,0.9982,3.03,0.93,9.8,617.0,6
11.3,0.37,0.41,2.3,0.088,6.0,16.0,0.9988,,0.8,9.3,619.0,5
8.3,0.54,0.24,3.4,0.076,16.0,112.0,0.9976,3.27,0.61,9.4,620.0,5
8.2,,0.23,3.4,0.078,14.0,104.0,0.9976,3.28,0.62,9.4,621.0,5
10.0,0.58,0.22,1.9,0.08,9.0,32.0,0.9974,3.13,0.55,9.5,622.0,5
6.8,0.69,0.0,,0.124,21.0,58.0,0.9997,3.46,0.72,10.2,625.0,5
8.8,0.6,0.29,2.2,0.098,5.0,15.0,0.9988,3.36,0.49,9.1,626.0,5
8.8,0.6,0.29,2.2,0.098,5.0,15.0,0.9988,3.36,0.49,9.1,,5
8.7,0.54,0.26,2.5,0.0969999999999999,7.0,31.0,0.9976,3.27,0.6,9.3,628.0,6
7.6,0.685,0.23,2.3,0.111,20.0,84.0,0.9964,,0.61,9.3,629.0,5
8.7,0.54,0.26,2.5,0.0969999999999999,,31.0,0.9976,3.27,,9.3,630.0,6
,0.28,0.54,2.7,0.105,5.0,19.0,0.9988,3.25,0.63,9.5,631.0,5
7.6,0.41,0.14,3.0,,21.0,43.0,,3.32,0.57,10.5,632.0,6
10.1,0.935,0.22,3.4,0.105,11.0,86.0,1.001,3.43,0.64,11.3,633.0,4
7.9,0.35,0.21,1.9,0.073,46.0,102.0,0.9964,3.27,0.58,9.5,634.0,5
8.7,0.84,0.0,1.4,0.065,,33.0,0.9954,3.27,0.55,9.7,635.0,5
9.6,0.88,0.28,,0.086,30.0,147.0,0.9979,3.24,0.53,9.4,636.0,5
9.5,0.885,0.27,2.3,,31.0,145.0,0.9978,3.24,0.53,9.4,637.0,5
8.9,0.29,0.35,1.9,,25.0,,0.997,,1.36,10.3,,6
9.9,0.54,0.45,2.3,0.071,16.0,40.0,0.9991,3.39,0.62,9.4,640.0,5
,0.54,0.45,2.3,0.071,16.0,40.0,0.9991,3.39,0.62,9.4,642.0,5
9.9,0.54,0.45,2.3,0.071,,40.0,0.9991,3.39,0.62,9.4,644.0,5
8.3,0.845,0.01,2.2,0.07,5.0,14.0,0.9967,3.32,0.58,11.0,647.0,4
8.7,0.48,0.3,2.8,0.066,10.0,,0.9964,3.33,0.67,11.2,648.0,7
6.7,0.42,0.27,8.6,0.068,24.0,148.0,0.9948,3.16,0.57,11.3,649.0,6
10.7,0.43,,2.2,0.106,8.0,32.0,0.9986,2.89,0.5,9.6,650.0,5
15.9,0.36,0.65,7.5,0.096,22.0,,0.9976,2.98,,,652.0,5
9.4,0.33,,2.8,0.079,9.0,,0.9976,3.12,0.54,12.0,653.0,6
8.6,0.47,,2.4,0.074,7.0,29.0,0.9979,3.08,0.46,9.5,654.0,5
9.7,0.55,0.17,2.9,0.087,20.0,53.0,1.0004,3.14,0.61,9.4,655.0,5
10.7,,0.39,2.2,0.106,8.0,32.0,0.9986,2.89,0.5,9.6,656.0,5
12.0,0.5,,1.4,0.073,23.0,42.0,0.998,2.92,,10.5,657.0,7
7.2,0.52,0.07,1.4,0.074,5.0,20.0,0.9973,3.32,0.81,9.6,658.0,6
,0.52,0.07,1.4,0.074,5.0,20.0,0.9973,3.32,0.81,9.6,660.0,6
7.5,0.42,0.31,1.6,0.08,15.0,,0.9978,3.31,0.64,9.0,661.0,5
7.2,0.57,0.06,,0.076,9.0,,0.9972,3.36,0.7,,662.0,6
9.4,0.59,0.14,2.0,0.084,25.0,48.0,0.9981,,0.56,9.7,665.0,5
8.3,0.49,0.36,1.8,0.222,6.0,16.0,0.998,3.18,0.6,9.5,666.0,6
11.3,0.34,0.45,2.0,0.0819999999999999,6.0,15.0,,2.94,0.66,9.2,667.0,6
11.3,0.34,0.45,2.0,,6.0,15.0,0.9988,2.94,0.66,9.2,669.0,6
8.2,0.73,0.21,1.7,0.074,5.0,13.0,,3.2,0.52,9.5,671.0,5
8.2,0.73,0.21,1.7,0.074,5.0,13.0,0.9968,3.2,0.52,9.5,673.0,5
10.8,0.4,,2.2,0.084,7.0,,0.9984,3.08,0.67,9.3,676.0,6
8.6,0.8,0.11,2.3,0.084,12.0,31.0,0.9979,3.4,,9.9,677.0,5
8.3,0.78,0.1,2.6,,45.0,87.0,0.9983,3.48,0.53,10.0,678.0,5
10.8,0.26,0.45,3.3,0.06,20.0,49.0,0.9972,3.13,,9.6,679.0,5
8.0,0.45,0.23,2.2,0.094,16.0,29.0,0.9962,3.21,0.49,10.2,681.0,6
8.5,0.46,0.31,2.25,0.078,,58.0,0.998,3.33,0.54,9.8,682.0,5
8.1,0.78,0.23,2.6,0.059,5.0,15.0,0.997,3.37,0.56,11.3,683.0,5
9.8,0.98,0.32,2.3,0.078,35.0,152.0,0.998,3.25,0.48,9.4,684.0,5
8.1,0.78,0.23,2.6,0.059,,15.0,0.997,3.37,0.56,11.3,,5
,0.66,0.04,1.6,0.039,4.0,9.0,0.9962,3.4,0.47,9.4,688.0,5
8.1,0.38,0.48,1.8,0.157,5.0,17.0,0.9976,3.3,1.05,9.4,689.0,5
9.2,0.92,0.24,2.6,0.087,12.0,93.0,0.9998,3.48,0.54,9.8,691.0,5
8.6,0.49,0.51,2.0,0.422,16.0,62.0,0.9979,3.03,1.17,9.0,692.0,5
9.0,0.48,0.32,2.8,0.084,21.0,122.0,0.9984,3.32,0.62,9.4,693.0,5
9.0,0.47,0.31,2.7,0.084,24.0,125.0,0.9984,3.31,0.61,9.4,694.0,5
5.1,0.47,0.02,1.3,0.034,18.0,,0.9921,,0.62,12.8,695.0,6
7.0,0.65,0.02,2.1,0.066,8.0,25.0,0.9972,3.47,0.67,9.5,697.0,6
9.4,0.615,0.28,3.2,0.087,18.0,72.0,1.0001,3.31,0.53,9.7,698.0,5
11.8,0.38,0.55,2.1,0.071,,19.0,0.9986,3.11,0.62,10.8,699.0,6
10.6,1.02,0.43,2.9,0.076,26.0,88.0,0.9984,3.08,0.57,10.1,700.0,6
7.0,0.65,0.02,2.1,0.066,8.0,25.0,0.9972,3.47,0.67,9.5,701.0,6
7.0,0.64,0.02,2.1,,9.0,23.0,0.997,3.47,0.67,9.4,702.0,6
7.5,0.38,0.48,2.6,0.073,22.0,84.0,0.9972,,0.7,9.6,703.0,4
9.1,0.765,0.04,1.6,0.078,4.0,14.0,0.998,3.29,0.54,,704.0,4
8.4,1.035,0.15,6.0,0.073,11.0,54.0,0.999,3.37,0.49,9.9,705.0,5
7.0,0.78,0.08,2.0,0.093,10.0,19.0,0.9956,3.4,0.47,10.0,706.0,5
7.4,0.49,0.19,3.0,0.077,16.0,37.0,0.9966,3.37,0.51,10.5,707.0,5
7.8,0.545,0.12,2.5,0.068,11.0,35.0,0.996,3.34,0.61,11.6,708.0,6
10.6,1.025,0.43,2.8,0.08,21.0,84.0,,3.06,0.57,10.1,710.0,5
8.9,0.565,0.34,3.0,0.093,16.0,112.0,0.9998,3.38,0.61,9.5,711.0,5
9.9,0.74,,2.6,0.078,21.0,77.0,0.998,3.28,0.51,9.8,714.0,5
7.6,0.46,0.11,2.6,0.079,12.0,49.0,0.9968,3.21,0.57,10.0,717.0,5
8.4,0.56,0.04,2.0,0.0819999999999999,10.0,22.0,0.9976,3.22,0.44,9.6,718.0,5
7.1,0.66,0.0,3.9,0.086,17.0,45.0,0.9976,3.46,0.54,9.5,719.0,5
8.4,0.56,0.04,2.0,0.0819999999999999,10.0,22.0,0.9976,3.22,0.44,9.6,720.0,5
8.9,0.48,0.24,2.85,0.094,35.0,106.0,0.9982,3.1,0.53,9.2,721.0,5
7.1,0.31,0.3,2.2,0.053,36.0,127.0,0.9965,2.94,1.62,9.5,723.0,5
9.0,0.66,,3.0,0.077,5.0,13.0,0.9976,3.29,0.55,10.4,725.0,5
8.1,0.72,0.09,2.8,0.084,18.0,49.0,0.9994,3.43,0.72,11.1,726.0,6
6.4,0.57,0.02,1.8,0.067,4.0,11.0,0.997,3.46,,9.5,727.0,5
6.4,0.57,0.02,1.8,0.067,4.0,11.0,0.997,3.46,0.68,9.5,728.0,5
6.4,0.865,0.03,3.2,0.071,27.0,58.0,,3.61,0.49,12.7,729.0,6
9.5,0.55,0.66,2.3,0.387,12.0,37.0,0.9982,3.17,0.67,9.6,730.0,5
,0.875,0.13,3.45,,4.0,14.0,0.9994,3.44,0.52,11.5,731.0,5
7.3,0.835,0.03,2.1,0.092,10.0,19.0,0.9966,3.39,,9.6,732.0,5
7.0,0.45,0.34,2.7,0.0819999999999999,16.0,72.0,0.998,3.55,0.6,9.5,733.0,5
7.7,0.56,0.2,2.0,0.075,9.0,39.0,0.9987,3.48,0.62,9.3,734.0,5
7.7,0.965,0.1,2.1,0.1119999999999999,11.0,22.0,0.9963,3.26,0.5,,736.0,5
8.2,0.59,0.0,2.5,0.093,19.0,58.0,1.0002,,0.65,9.3,737.0,6
9.0,0.69,0.0,2.4,0.088,19.0,38.0,0.999,3.35,0.6,9.3,739.0,5
8.3,0.76,0.29,4.2,0.075,12.0,16.0,0.9965,3.45,0.68,11.5,740.0,6
9.2,0.53,0.24,2.6,0.078,28.0,139.0,0.99788,3.21,0.57,9.5,741.0,5
11.1,0.39,0.54,2.7,0.095,21.0,101.0,1.0001,3.13,0.51,9.5,744.0,5
7.3,0.51,0.18,2.1,0.07,12.0,28.0,0.99768,3.52,0.73,9.5,745.0,6
8.2,0.34,0.38,2.5,,12.0,57.0,0.9978,3.3,0.47,9.0,746.0,6
7.2,0.5,0.18,2.1,0.071,12.0,31.0,0.99761,3.52,0.72,9.6,748.0,6
7.3,0.51,,2.1,0.07,12.0,28.0,0.99768,3.52,0.73,9.5,749.0,6
8.3,0.65,0.1,2.9,0.089,17.0,40.0,0.99803,3.29,0.55,9.5,750.0,5
7.6,0.54,,2.5,0.0969999999999999,24.0,66.0,0.99785,3.39,0.61,9.4,752.0,5
8.3,0.65,0.1,2.9,0.089,17.0,40.0,0.99803,3.29,0.55,9.5,753.0,5
7.8,0.48,0.68,1.7,0.415,14.0,32.0,0.99656,3.09,1.06,9.1,754.0,6
7.8,0.91,0.07,1.9,0.0579999999999999,22.0,47.0,0.99525,3.51,0.43,10.7,755.0,6
6.3,0.98,0.01,2.0,0.057,15.0,33.0,0.99488,3.6,0.46,11.2,756.0,6
8.1,0.87,0.0,2.2,0.084,10.0,31.0,0.99656,3.25,0.5,9.8,757.0,5
,0.87,0.0,2.2,0.084,10.0,31.0,0.99656,3.25,0.5,9.8,758.0,5
8.8,0.42,0.21,2.5,0.092,33.0,88.0,0.99823,3.19,0.52,9.2,,5
9.0,0.58,0.25,2.8,0.075,9.0,104.0,0.99779,3.23,0.57,9.7,760.0,5
9.3,0.655,0.26,2.0,0.096,5.0,35.0,0.99738,3.25,0.42,9.6,761.0,5
8.8,0.7,0.0,1.7,0.069,,19.0,0.99701,3.31,0.53,10.0,762.0,6
9.1,0.68,0.11,2.8,0.093,11.0,44.0,0.99888,3.31,0.55,9.5,764.0,6
9.2,0.67,0.1,3.0,0.091,12.0,48.0,0.99888,3.31,0.54,9.5,765.0,6
8.8,0.59,,2.9,0.089,12.0,74.0,0.99738,3.14,0.54,9.4,766.0,5
7.1,,0.02,2.3,0.0819999999999999,24.0,94.0,0.99744,3.55,0.53,9.7,768.0,6
7.9,0.72,0.01,1.9,0.076,7.0,32.0,,3.39,0.54,9.6,769.0,5
7.1,0.59,0.02,2.3,0.0819999999999999,24.0,94.0,0.99744,3.55,0.53,9.7,770.0,6
9.4,0.685,0.26,2.4,0.0819999999999999,,143.0,0.9978,3.28,0.55,9.4,771.0,5
,0.57,,2.3,0.0819999999999999,23.0,144.0,0.99782,3.27,0.55,9.4,772.0,5
7.9,0.4,0.29,1.8,0.157,1.0,44.0,0.9973,3.3,,,773.0,6
7.2,1.0,0.0,3.0,0.102,7.0,16.0,0.99586,3.43,0.46,10.0,775.0,5
6.9,0.635,0.17,2.4,0.241,6.0,18.0,0.9961,3.4,0.59,10.3,777.0,6
8.3,0.43,0.3,3.4,0.079,7.0,34.0,0.99788,3.36,0.61,10.5,778.0,5
7.1,0.52,0.03,2.6,0.076,21.0,92.0,0.99745,3.5,0.6,9.8,779.0,5
7.0,0.57,0.0,2.0,0.19,12.0,45.0,0.99676,3.31,0.6,9.4,780.0,6
6.5,0.46,0.14,2.4,0.114,9.0,37.0,0.99732,3.66,0.65,9.8,781.0,5
7.1,,0.01,2.5,0.077,20.0,85.0,,3.55,0.59,9.8,784.0,5
9.9,0.35,0.41,2.3,0.083,11.0,61.0,0.9982,3.21,0.5,9.5,785.0,5
10.0,0.56,0.24,2.2,0.079,19.0,58.0,0.9991,3.18,0.56,10.1,787.0,6
10.0,0.56,0.24,2.2,0.079,,58.0,0.9991,3.18,0.56,10.1,788.0,6
8.6,,0.17,2.9,0.099,21.0,119.0,0.998,3.09,0.52,9.3,789.0,5
7.4,0.37,0.43,2.6,0.0819999999999999,18.0,82.0,0.99708,3.33,0.68,9.7,790.0,6
8.8,0.64,0.17,2.9,0.084,25.0,130.0,0.99818,,,,791.0,5
7.1,0.61,0.02,2.5,0.081,17.0,87.0,0.99745,3.48,0.6,9.7,792.0,6
7.7,0.6,0.0,2.6,0.055,7.0,13.0,0.99639,3.38,0.56,10.8,793.0,5
10.1,0.27,0.54,2.3,0.065,7.0,26.0,0.99531,3.17,0.53,12.5,,6
,0.89,0.3,2.6,,7.0,60.0,0.99786,2.99,1.18,10.2,795.0,5
8.7,0.46,0.31,2.5,0.126,24.0,64.0,0.99746,3.1,0.74,9.6,796.0,5
9.3,0.37,0.44,1.6,0.038,21.0,42.0,,3.24,0.81,,797.0,7
9.4,0.5,0.34,3.6,0.0819999999999999,5.0,14.0,0.9987,3.29,0.52,10.7,799.0,6
8.6,0.55,0.09,3.3,0.068,8.0,17.0,0.99735,3.23,0.44,10.0,801.0,5
5.1,,0.0,1.7,,14.0,,,3.56,0.94,12.9,802.0,7
7.7,0.56,0.08,2.5,0.114,14.0,46.0,0.9971,3.24,0.66,9.6,803.0,6
8.4,0.52,0.22,2.7,0.084,4.0,18.0,0.99682,3.26,0.57,9.9,804.0,6
8.4,0.25,0.39,2.0,0.0409999999999999,4.0,10.0,0.99386,3.27,0.71,12.5,806.0,7
7.4,0.53,0.12,1.9,0.165,4.0,,0.99702,3.26,0.86,9.2,808.0,5
7.6,0.48,0.31,2.8,0.07,4.0,15.0,0.99693,3.22,0.55,10.3,809.0,6
7.3,0.49,0.1,2.6,0.068,4.0,14.0,0.99562,3.3,0.47,10.5,810.0,5
12.9,0.5,0.55,2.8,0.072,7.0,24.0,1.00012,3.09,0.68,10.9,811.0,6
6.9,0.39,0.24,2.1,0.102,4.0,7.0,0.99462,3.44,0.58,11.4,813.0,4
12.6,0.41,0.54,2.8,0.103,19.0,41.0,0.99939,3.21,0.76,11.3,814.0,6
9.1,0.66,0.15,3.2,0.0969999999999999,9.0,59.0,0.99976,3.28,0.54,9.6,,5
7.0,0.685,0.0,1.9,0.099,9.0,,0.99606,3.34,0.6,9.7,820.0,5
4.9,0.42,0.0,2.1,0.048,16.0,42.0,0.99154,3.71,0.74,14.0,821.0,7
6.7,0.54,0.13,2.0,0.076,,36.0,0.9973,3.61,0.64,9.8,823.0,5
7.1,0.48,0.28,2.8,0.068,6.0,16.0,0.99682,3.24,0.53,10.3,824.0,5
7.5,0.27,0.34,2.3,0.05,4.0,8.0,0.9951,3.4,0.64,11.0,826.0,7
7.1,0.46,0.14,2.8,0.076,,37.0,0.99624,,0.49,10.7,827.0,5
7.5,0.685,,2.5,0.0579999999999999,5.0,9.0,0.99632,3.38,0.55,10.9,830.0,4
5.9,0.61,0.08,,0.071,16.0,24.0,0.99376,3.56,0.77,11.1,831.0,6
11.6,0.47,0.44,,0.147,36.0,,0.99836,3.38,0.86,,833.0,4
6.7,0.28,0.28,2.4,0.012,36.0,100.0,,3.26,0.39,11.7,836.0,7
6.7,0.28,0.28,2.4,0.012,36.0,100.0,0.99064,3.26,0.39,11.7,837.0,7
10.1,0.31,0.35,1.6,0.075,9.0,28.0,0.99672,3.24,0.83,11.2,838.0,7
6.6,0.66,,3.0,0.115,21.0,31.0,0.99629,3.45,0.63,10.3,841.0,5
10.6,0.5,0.45,2.6,0.119,34.0,68.0,0.99708,3.23,0.72,10.9,842.0,6
7.1,0.685,0.35,2.0,0.088,9.0,92.0,0.9963,3.28,0.62,9.4,843.0,5
,0.64,0.21,1.8,0.081,14.0,31.0,0.99689,3.59,0.66,9.8,846.0,5
7.4,0.68,0.16,1.8,0.078,12.0,39.0,0.9977,3.5,0.7,9.9,847.0,6
6.4,0.64,0.21,1.8,0.081,14.0,31.0,0.99689,3.59,0.66,9.8,,5
9.3,0.43,0.44,,0.085,9.0,22.0,0.99708,3.28,0.55,9.5,850.0,5
9.3,0.43,0.44,1.9,0.085,9.0,22.0,0.99708,3.28,0.55,,851.0,5
9.3,0.36,0.39,1.5,0.08,41.0,55.0,0.99652,3.47,0.73,10.9,853.0,6
9.3,0.36,0.39,1.5,0.08,41.0,55.0,0.99652,3.47,0.73,10.9,854.0,6
9.3,0.36,0.39,1.5,0.08,41.0,55.0,0.99652,3.47,0.73,10.9,856.0,6
8.2,,0.34,2.5,0.073,16.0,47.0,0.99594,3.4,,11.3,857.0,7
11.7,0.28,0.47,1.7,0.054,17.0,32.0,0.99686,,0.67,10.6,858.0,7
7.2,0.62,0.06,2.7,0.077,15.0,85.0,0.99746,3.51,0.54,9.5,860.0,5
7.5,0.42,0.32,2.7,0.067,7.0,25.0,0.99628,3.24,0.44,10.4,,5
7.2,0.62,0.06,2.5,0.078,17.0,84.0,0.99746,3.51,0.53,9.7,863.0,5
7.2,0.635,0.07,2.6,,16.0,86.0,0.99748,3.51,0.54,9.7,865.0,5
6.9,0.56,0.03,1.5,0.086,36.0,46.0,0.99522,3.53,0.57,10.6,871.0,5
7.3,,0.24,2.0,0.067,28.0,48.0,0.99576,3.43,0.54,10.0,872.0,4
8.8,0.31,0.4,2.8,0.109,7.0,16.0,0.99614,3.31,0.79,11.8,875.0,7
7.7,0.715,0.01,2.1,0.064,31.0,43.0,0.99371,3.41,0.57,11.8,877.0,6
7.6,0.715,0.0,,0.068,30.0,35.0,0.99533,3.48,0.65,11.4,881.0,6
8.4,0.31,0.29,3.1,,14.0,26.0,0.99536,3.22,0.78,12.0,882.0,6
8.8,0.61,0.19,4.0,0.094,30.0,69.0,0.99787,3.22,0.5,10.0,884.0,6
8.9,0.75,0.14,2.5,0.086,9.0,30.0,0.99824,3.34,0.64,10.5,885.0,5
9.0,0.8,0.12,2.4,0.083,8.0,,0.99836,3.33,0.65,10.4,886.0,6
6.8,0.57,0.0,2.5,0.072,32.0,64.0,0.99491,3.43,0.56,11.2,888.0,6
10.7,0.9,0.34,6.6,0.1119999999999999,23.0,99.0,1.00289,3.22,0.68,9.3,889.0,5
7.2,0.66,0.03,2.3,0.078,16.0,86.0,0.99743,3.53,0.57,9.7,891.0,5
10.1,0.45,0.23,1.9,0.0819999999999999,10.0,18.0,0.99774,3.22,0.65,,892.0,6
7.2,0.66,0.03,2.3,,16.0,86.0,0.99743,3.53,0.57,9.7,893.0,5
7.2,0.63,0.03,,0.08,17.0,88.0,0.99745,3.53,0.58,9.8,894.0,6
7.1,0.59,0.01,2.3,0.08,27.0,43.0,0.9955,3.42,0.58,10.7,895.0,6
8.3,0.31,0.39,2.4,0.078,17.0,43.0,0.99444,3.31,0.77,12.5,896.0,7
7.1,0.59,0.01,,0.08,27.0,43.0,0.9955,3.42,0.58,10.7,897.0,6
8.3,0.31,0.39,2.4,0.078,17.0,43.0,0.99444,3.31,0.77,12.5,898.0,7
8.9,0.31,0.36,2.6,0.0559999999999999,10.0,39.0,0.99562,3.4,0.69,11.8,900.0,5
7.4,0.635,0.1,2.4,0.08,16.0,33.0,0.99736,3.58,0.69,10.8,901.0,7
7.4,0.635,0.1,2.4,0.08,16.0,33.0,0.99736,3.58,0.69,10.8,902.0,7
6.8,0.59,0.06,6.0,0.06,11.0,,,3.41,0.59,10.8,904.0,7
7.2,0.54,0.27,2.6,0.084,12.0,78.0,0.9964,3.39,0.71,11.0,906.0,5
6.1,0.56,0.0,2.2,0.079,6.0,9.0,0.9948,3.59,0.54,11.5,907.0,6
7.4,0.52,0.13,2.4,0.078,34.0,61.0,0.99528,3.43,0.59,10.8,908.0,6
9.3,0.38,0.48,3.8,0.132,3.0,11.0,0.99577,3.23,0.57,13.2,910.0,6
9.1,0.28,0.46,9.0,0.114,3.0,9.0,0.99901,3.18,0.6,10.9,,6
10.0,0.46,0.44,2.9,0.065,4.0,8.0,0.99674,3.33,0.62,12.2,912.0,6
8.6,0.315,0.4,2.2,0.079,3.0,6.0,0.99512,3.27,0.67,11.9,915.0,6
5.3,0.715,0.19,1.5,0.161,7.0,,0.99395,3.62,0.61,11.0,916.0,5
6.8,0.41,0.31,8.8,0.084,26.0,45.0,0.99824,3.38,0.64,10.1,917.0,6
8.4,0.36,0.32,2.2,0.081,32.0,79.0,0.9964,3.3,0.72,11.0,918.0,6
8.4,0.62,0.12,1.8,0.072,38.0,46.0,0.99504,3.38,0.89,11.8,919.0,6
9.6,0.41,,2.3,0.091,10.0,23.0,0.99786,3.24,0.56,10.5,920.0,5
8.4,0.62,0.12,1.8,,38.0,46.0,0.99504,3.38,0.89,11.8,922.0,6
8.6,0.47,0.27,2.3,0.055,,28.0,0.99516,3.18,0.8,11.2,924.0,5
8.6,0.22,0.36,1.9,0.064,53.0,77.0,0.99604,3.47,0.87,11.0,925.0,7
9.4,0.24,0.33,2.3,0.061,52.0,73.0,0.99786,3.47,0.9,10.2,,6
8.4,0.67,0.19,2.2,0.093,11.0,75.0,0.99736,3.2,0.59,,927.0,4
8.6,0.47,0.27,2.3,0.055,14.0,28.0,0.99516,3.18,0.8,11.2,928.0,5
8.7,0.33,0.38,3.3,0.063,10.0,19.0,0.99468,3.3,0.73,12.0,929.0,7
7.4,,,2.0,0.074,13.0,38.0,0.99748,3.48,,9.8,931.0,5
7.6,0.4,0.29,1.9,0.078,29.0,66.0,0.9971,3.45,,9.5,932.0,6
,0.61,0.01,1.9,0.08,8.0,25.0,0.99746,3.69,0.73,10.5,934.0,5
8.8,0.3,0.38,2.3,0.06,19.0,72.0,0.99543,3.39,0.72,11.8,936.0,6
6.2,0.46,0.17,1.6,0.073,7.0,11.0,0.99425,3.61,0.54,11.4,939.0,5
9.9,0.27,0.49,5.0,0.0819999999999999,9.0,17.0,0.99484,3.19,0.52,12.5,941.0,7
10.1,0.43,0.4,2.6,,13.0,52.0,0.99834,3.22,0.64,10.0,942.0,7
8.3,0.3,0.49,3.8,0.09,11.0,,0.99498,3.27,0.64,12.1,944.0,7
10.2,0.44,0.58,4.1,0.092,11.0,24.0,0.99745,3.29,0.99,12.0,946.0,7
8.3,0.28,0.48,2.1,0.093,6.0,12.0,0.99408,3.26,0.62,12.4,947.0,7
8.9,0.12,0.45,,0.075,,21.0,0.99552,3.41,0.76,11.9,949.0,7
8.9,0.12,0.45,1.8,0.075,10.0,21.0,0.99552,3.41,0.76,11.9,950.0,7
8.3,0.28,,2.1,0.093,6.0,12.0,0.99408,,0.62,12.4,,7
8.2,0.31,0.4,2.2,0.0579999999999999,,10.0,0.99536,3.31,0.68,11.2,952.0,7
10.2,0.34,0.48,2.1,0.052,5.0,9.0,0.99458,3.2,0.69,12.1,953.0,7
8.5,0.21,0.52,1.9,0.09,9.0,23.0,0.99648,3.36,0.67,10.4,955.0,5
9.0,0.36,0.52,2.1,0.111,5.0,10.0,,3.31,0.62,11.3,956.0,6
6.4,0.57,0.12,2.3,0.12,25.0,,0.99519,,0.71,11.3,958.0,7
8.5,0.47,0.27,1.9,0.0579999999999999,18.0,38.0,,3.16,0.85,11.1,960.0,6
7.1,0.56,0.14,1.6,0.078,7.0,18.0,0.99592,3.27,,9.3,961.0,5
,0.57,,2.1,0.115,6.0,16.0,0.99654,3.38,0.69,9.5,962.0,5
8.5,0.47,0.27,1.9,0.0579999999999999,,38.0,0.99518,3.16,0.85,11.1,,6
8.5,0.66,0.2,2.1,0.0969999999999999,23.0,113.0,0.99733,3.13,0.48,9.2,967.0,5
9.0,0.4,0.43,2.4,0.068,29.0,46.0,0.9943,3.2,0.6,12.2,968.0,6
10.4,0.26,0.48,1.9,0.066,6.0,10.0,0.99724,3.33,0.87,10.9,971.0,6
8.8,0.33,0.41,5.9,0.073,,13.0,0.99658,3.3,0.62,,974.0,7
7.2,0.41,0.3,2.1,0.083,35.0,72.0,0.997,3.44,0.52,9.4,975.0,5
8.4,0.59,0.29,2.6,0.109,31.0,119.0,0.99801,3.15,0.5,9.1,977.0,5
7.0,0.4,0.32,3.6,0.061,9.0,29.0,0.99416,3.28,0.49,11.3,978.0,7
9.1,0.5,0.3,1.9,0.065,8.0,17.0,0.99774,,0.71,10.5,980.0,6
,0.86,0.26,1.9,0.079,13.0,,0.99712,3.25,,10.0,981.0,5
7.3,0.52,0.32,2.1,0.07,51.0,70.0,0.99418,3.34,0.82,12.9,982.0,6
9.1,0.5,0.3,1.9,0.065,8.0,17.0,0.99774,3.32,0.71,10.5,983.0,6
7.4,0.58,0.0,2.0,0.064,,11.0,0.99562,3.45,0.58,11.3,985.0,6
7.1,0.36,0.3,1.6,0.08,35.0,70.0,0.99693,3.44,0.5,9.4,987.0,5
7.7,0.39,0.12,1.7,0.0969999999999999,19.0,27.0,0.99596,3.16,0.49,9.4,988.0,5
9.7,0.295,0.4,1.5,0.073,14.0,21.0,0.99556,3.14,0.51,,,6
7.7,0.39,0.12,1.7,0.0969999999999999,19.0,27.0,0.99596,3.16,0.49,9.4,990.0,5
7.1,,0.28,2.0,0.0819999999999999,31.0,68.0,0.99694,,0.48,9.4,991.0,5
7.1,0.34,0.28,2.0,0.0819999999999999,31.0,68.0,0.99694,3.45,0.48,9.4,993.0,5
7.7,0.6,0.06,2.0,0.079,19.0,41.0,0.99697,3.39,0.62,10.1,995.0,6
8.9,0.84,0.34,1.4,0.05,4.0,10.0,0.99554,3.12,0.48,9.1,998.0,6
6.4,0.69,0.0,1.65,0.055,7.0,12.0,0.99162,3.47,0.53,12.9,999.0,6
7.5,0.43,0.3,2.2,,6.0,12.0,0.99495,3.44,,11.5,1000.0,7
8.2,0.43,0.29,1.6,,27.0,45.0,0.99603,3.25,,10.3,1004.0,5
6.8,0.36,0.32,1.8,0.067,4.0,8.0,0.9928,3.36,0.55,12.8,1005.0,7
9.1,0.29,0.33,2.05,0.063,13.0,,0.99516,3.26,0.84,11.7,1006.0,7
9.1,0.3,0.34,2.0,0.064,12.0,25.0,0.99516,3.26,0.84,11.7,1007.0,7
8.9,0.35,0.4,3.6,0.11,12.0,24.0,0.99549,3.23,0.7,12.0,1008.0,7
8.9,0.28,0.45,1.7,0.067,7.0,12.0,0.99354,3.25,0.55,12.3,1010.0,7
8.9,0.32,0.31,2.0,0.088,12.0,19.0,0.9957,3.17,0.55,10.4,1011.0,6
7.7,1.005,0.15,2.1,0.102,11.0,32.0,0.99604,3.23,0.48,10.0,1012.0,5
7.5,0.71,0.0,1.6,0.092,22.0,31.0,0.99635,3.38,0.58,10.0,1013.0,6
8.0,,0.16,2.0,0.12,3.0,7.0,0.99454,3.22,0.58,11.2,1014.0,6
8.9,0.38,0.4,2.2,0.068,12.0,28.0,0.99486,3.27,0.75,,1016.0,7
8.0,0.18,0.37,0.9,0.049,36.0,109.0,0.99007,2.89,0.44,12.7,1018.0,6
,0.5,0.14,1.8,0.078,,23.0,0.99636,3.53,0.61,10.4,1019.0,5
11.3,0.36,0.66,2.4,0.123,3.0,8.0,0.99642,3.2,0.53,11.9,1020.0,6
11.3,0.36,0.66,2.4,0.123,3.0,8.0,0.99642,3.2,0.53,11.9,,6
7.0,0.51,0.09,2.1,0.062,4.0,,0.99584,3.35,0.54,10.5,1022.0,5
,0.32,0.42,2.3,0.098,3.0,,0.99506,3.27,0.55,12.3,1023.0,6
7.7,0.58,0.01,1.8,0.088,12.0,18.0,0.99568,3.32,0.56,10.5,1024.0,7
8.6,0.83,0.0,2.8,0.095,17.0,43.0,0.99822,3.33,,10.4,1025.0,6
7.9,0.31,0.32,1.9,0.066,14.0,36.0,,3.41,0.56,12.6,1026.0,6
6.4,0.795,0.0,2.2,0.065,28.0,52.0,0.99378,3.49,0.52,11.6,1027.0,5
7.7,0.58,0.01,1.8,0.088,,18.0,0.99568,3.32,0.56,10.5,1029.0,7
8.1,0.82,0.0,4.1,0.095,5.0,14.0,0.99854,3.36,0.53,9.6,1032.0,5
8.9,0.745,0.18,2.5,0.077,15.0,48.0,0.99739,3.2,0.47,9.7,1034.0,6
10.1,0.37,0.34,2.4,0.085,5.0,17.0,0.99683,3.17,0.65,10.6,1035.0,7
7.6,0.31,0.34,2.5,0.0819999999999999,26.0,35.0,0.99356,3.22,,12.5,1036.0,7
8.7,0.41,0.41,6.2,0.078,25.0,42.0,0.9953,3.24,0.77,12.6,1038.0,7
8.9,,0.21,2.2,0.088,21.0,39.0,0.99692,3.33,0.83,11.1,1039.0,6
6.9,0.49,0.19,1.7,0.079,13.0,26.0,0.99547,3.38,0.64,9.8,1041.0,6
6.4,0.39,,3.3,0.046,12.0,53.0,0.99294,3.36,0.62,12.2,1044.0,6
6.9,0.44,0.0,1.4,0.07,32.0,38.0,0.99438,3.32,0.58,11.4,1045.0,6
7.6,0.78,0.0,1.7,0.076,33.0,45.0,0.99612,3.31,0.62,10.7,,6
7.1,0.43,0.17,1.8,0.0819999999999999,27.0,51.0,0.99634,3.49,0.64,10.4,1047.0,5
9.3,0.49,0.36,1.7,0.081,3.0,14.0,0.99702,3.27,0.78,10.9,1048.0,6
9.3,0.5,0.36,1.8,0.084,6.0,17.0,0.99704,3.27,0.77,10.8,1049.0,6
8.5,0.46,0.59,1.4,,16.0,45.0,0.99702,3.03,1.34,9.2,1051.0,5
5.6,0.605,0.05,2.4,0.073,19.0,25.0,0.99258,3.56,0.55,12.9,1052.0,5
8.3,0.33,0.42,2.3,0.07,9.0,20.0,0.99426,3.38,0.77,12.7,1053.0,7
8.2,0.64,0.27,2.0,0.095,5.0,77.0,0.99747,,0.62,9.1,1055.0,6
8.9,0.48,0.53,4.0,0.1009999999999999,3.0,10.0,0.99586,3.21,0.59,12.1,1056.0,7
,0.42,0.25,3.9,0.104,28.0,90.0,0.99784,3.15,0.57,9.1,1057.0,5
,0.53,0.57,2.4,0.093,30.0,52.0,0.9971,3.19,0.76,11.6,1058.0,7
8.9,0.48,0.53,4.0,0.1009999999999999,3.0,10.0,0.99586,3.21,0.59,12.1,1059.0,7
11.6,0.23,0.57,1.8,0.074,3.0,8.0,0.9981,3.14,0.7,9.9,1060.0,6
9.1,0.4,0.5,1.8,0.071,7.0,16.0,0.99462,3.21,0.69,,1061.0,8
8.0,0.38,0.44,1.9,0.098,6.0,15.0,0.9956,3.3,0.64,11.4,1062.0,6
10.2,,0.65,2.4,0.075,6.0,17.0,0.99565,3.22,0.63,11.8,1063.0,6
8.2,0.74,0.09,2.0,0.067,5.0,10.0,0.99418,3.28,0.57,11.8,1064.0,6
7.7,0.61,0.18,2.4,,6.0,20.0,0.9963,3.29,0.6,10.2,1065.0,6
6.6,0.52,0.08,2.4,0.07,13.0,26.0,0.99358,3.4,0.72,12.5,1066.0,7
11.1,0.31,0.53,2.2,0.06,3.0,10.0,0.99572,,0.83,10.9,1067.0,7
8.0,0.62,0.35,2.8,0.086,28.0,52.0,0.997,3.31,0.62,10.8,1069.0,5
9.3,0.33,0.45,1.5,0.057,19.0,37.0,0.99498,3.18,,11.1,1070.0,7
7.5,0.77,0.2,8.1,0.098,30.0,92.0,0.99892,3.2,0.58,9.2,1071.0,5
8.0,0.62,0.33,2.7,0.088,16.0,37.0,0.9972,3.31,0.58,10.7,1073.0,6
9.9,0.32,0.56,2.0,0.073,3.0,8.0,0.99534,3.15,0.73,11.4,1076.0,6
8.6,0.37,0.65,6.4,0.08,3.0,8.0,0.99817,3.27,0.58,11.0,1078.0,5
7.9,0.3,0.68,8.3,0.05,37.5,278.0,0.99316,3.01,,12.3,1079.0,7
7.9,0.3,0.68,8.3,0.05,37.5,289.0,0.99316,3.01,0.51,12.3,1081.0,7
7.2,0.38,0.3,1.8,0.073,31.0,70.0,0.99685,3.42,0.59,9.5,1082.0,6
8.7,0.42,0.45,2.4,0.072,32.0,59.0,0.99617,,0.77,12.0,1083.0,6
6.8,0.48,0.08,1.8,0.074,40.0,64.0,0.99529,3.12,0.49,9.6,1085.0,5
8.5,0.34,0.4,4.7,0.055,3.0,9.0,0.99738,3.38,0.66,11.6,1086.0,7
,0.19,0.42,1.6,0.057,18.0,30.0,0.994,,0.69,11.2,1087.0,6
11.6,0.41,0.54,1.5,0.095,22.0,41.0,0.99735,3.02,0.76,9.9,1088.0,7
11.6,0.41,,1.5,0.095,22.0,41.0,0.99735,3.02,0.76,9.9,1089.0,7
10.0,0.26,0.54,1.9,0.083,42.0,74.0,0.99451,2.98,0.63,11.8,1090.0,8
7.9,0.34,0.42,2.0,0.086,8.0,19.0,0.99546,3.35,0.6,11.4,1091.0,6
7.0,0.54,0.09,2.0,,10.0,16.0,0.99479,3.43,0.59,11.5,1092.0,6
9.2,0.31,0.36,2.2,0.079,11.0,31.0,0.99615,3.33,0.86,12.0,1093.0,7
6.6,0.725,0.09,5.5,0.1169999999999999,9.0,17.0,0.99655,3.35,0.49,10.8,1094.0,6
6.6,0.725,0.09,5.5,0.1169999999999999,9.0,17.0,0.99655,3.35,0.49,10.8,1096.0,6
8.6,0.52,0.38,1.5,0.096,5.0,,0.99666,3.2,0.52,9.4,1099.0,5
8.4,0.34,,2.1,0.072,23.0,,0.99392,3.11,0.78,12.4,1100.0,6
7.4,0.49,0.27,2.1,0.071,14.0,25.0,0.99388,,0.63,12.0,1101.0,6
7.4,0.49,,2.1,0.071,,25.0,0.99388,3.35,0.63,12.0,1103.0,6
8.0,0.48,0.34,2.2,0.073,16.0,25.0,0.9936,,0.66,12.4,1104.0,6
6.3,0.57,0.28,2.1,,13.0,49.0,0.99374,3.41,0.6,12.8,1105.0,5
9.1,0.3,0.41,2.0,0.068,10.0,24.0,0.99523,3.27,0.85,11.7,1107.0,7
8.1,0.78,0.1,3.3,0.09,4.0,13.0,0.99855,3.36,0.49,9.5,1108.0,5
10.8,0.47,0.43,2.1,0.171,27.0,66.0,0.9982,3.17,0.76,10.8,1109.0,6
8.3,0.53,0.0,,0.07,6.0,14.0,0.99593,3.25,0.64,10.0,1110.0,6
5.4,0.42,0.27,2.0,0.092,23.0,,0.99471,3.78,0.64,12.3,1111.0,7
7.9,0.33,0.41,1.5,0.0559999999999999,6.0,35.0,0.99396,3.29,0.71,11.0,1112.0,6
5.0,0.4,0.5,4.3,0.046,29.0,80.0,0.9902,3.49,0.66,13.6,1114.0,6
7.0,0.69,0.07,2.5,0.091,15.0,21.0,0.99572,3.38,0.6,11.3,1115.0,6
7.0,0.69,0.07,2.5,0.091,15.0,21.0,0.99572,3.38,0.6,11.3,1116.0,6
7.0,0.69,0.07,2.5,0.091,15.0,21.0,0.99572,3.38,0.6,11.3,1117.0,6
7.1,0.39,0.12,2.1,0.065,14.0,24.0,0.99252,3.3,0.53,13.3,1118.0,6
5.6,0.66,0.0,2.5,0.066,7.0,15.0,0.99256,3.52,0.58,12.9,1119.0,5
7.9,0.54,0.34,2.5,0.076,8.0,17.0,0.99235,3.2,0.72,13.1,,8
6.3,0.47,0.0,,0.055,27.0,33.0,0.9922,3.45,0.48,12.3,1122.0,6
8.8,0.24,0.35,1.7,0.055,13.0,27.0,0.99394,3.14,0.59,11.3,,7
6.3,0.76,0.0,,0.072,26.0,52.0,0.99379,3.51,0.6,11.5,1127.0,6
10.0,0.43,0.33,2.7,0.095,28.0,89.0,0.9984,3.22,0.68,10.0,1128.0,5
9.1,0.6,0.0,1.9,0.0579999999999999,5.0,10.0,0.9977,3.18,0.63,10.4,1130.0,6
7.4,0.36,0.34,1.8,0.075,18.0,38.0,0.9933,3.38,0.88,,,7
7.2,,0.07,5.5,0.089,10.0,18.0,0.99684,3.37,0.68,11.2,1133.0,7
,0.28,0.35,1.7,0.061,6.0,15.0,0.99524,3.3,,11.8,1134.0,7
8.0,0.25,0.43,1.7,0.067,22.0,50.0,0.9946,,0.6,11.9,1135.0,6
10.4,0.52,0.45,2.0,0.08,6.0,13.0,0.99774,3.22,0.76,11.4,1136.0,6
7.5,0.41,0.15,3.7,0.104,29.0,94.0,0.99786,3.14,0.58,9.1,1138.0,5
8.2,0.51,0.24,2.0,0.079,16.0,86.0,0.99764,3.34,0.64,9.5,1139.0,6
7.3,0.4,0.3,1.7,0.08,33.0,79.0,0.9969,3.41,0.65,9.5,1140.0,6
8.2,0.38,0.32,2.5,0.08,24.0,71.0,0.99624,3.27,0.85,11.0,1141.0,6
6.9,0.45,0.11,2.4,0.043,6.0,12.0,0.99354,3.3,0.65,11.4,1142.0,6
7.0,0.22,0.3,1.8,0.065,16.0,20.0,,3.61,0.82,10.0,1143.0,6
7.3,0.32,0.23,2.3,,35.0,70.0,0.99588,3.43,,10.1,1144.0,5
8.2,0.2,0.43,2.5,0.076,31.0,51.0,0.99672,3.53,0.81,10.4,1145.0,6
7.8,0.5,0.12,1.8,0.178,6.0,21.0,0.996,3.28,0.87,9.8,,6
10.0,0.41,,6.2,0.071,6.0,14.0,0.99702,3.21,0.49,11.8,1147.0,7
7.8,0.39,0.42,2.0,0.086,9.0,21.0,0.99526,3.39,0.66,11.6,1148.0,6
10.0,0.35,0.47,2.0,0.061,6.0,11.0,0.99585,3.23,0.52,12.0,1149.0,6
6.1,0.58,0.23,2.5,0.044,16.0,,0.99352,3.46,0.65,12.5,1151.0,6
8.3,0.6,0.25,2.2,0.118,9.0,38.0,0.99616,3.15,0.53,9.8,1152.0,5
9.6,0.42,0.35,2.1,0.083,17.0,38.0,0.99622,3.23,0.66,11.1,1153.0,6
8.3,,0.25,2.2,0.118,9.0,38.0,0.99616,3.15,0.53,9.8,1155.0,5
8.5,0.18,0.51,1.75,,45.0,88.0,0.99524,3.33,0.76,11.8,1156.0,7
5.1,0.51,0.18,2.1,0.042,16.0,101.0,0.9924,3.46,0.87,12.9,1157.0,7
,0.32,0.42,2.3,0.075,12.0,19.0,,3.14,0.71,11.8,1162.0,7
9.0,0.785,0.24,1.7,0.078,10.0,,0.99692,3.29,0.67,10.0,1164.0,5
8.2,0.33,0.39,2.5,0.074,29.0,48.0,0.99528,3.32,0.88,12.4,1167.0,7
6.5,0.34,0.27,2.8,0.067,8.0,44.0,0.99384,3.21,0.56,12.0,1168.0,6
7.6,0.5,0.29,2.3,,5.0,,0.99502,,0.62,11.5,1169.0,6
9.2,0.36,0.34,1.6,0.062,5.0,12.0,0.99667,3.2,0.67,,1170.0,6
9.7,0.42,0.46,2.1,0.074,,16.0,0.99649,3.27,0.74,12.3,1172.0,6
7.6,0.36,0.31,1.7,0.079,26.0,65.0,0.99716,3.46,0.62,9.5,1173.0,6
7.6,0.36,0.31,1.7,0.079,26.0,,0.99716,3.46,0.62,9.5,1174.0,6
,0.61,0.0,2.2,0.095,48.0,59.0,0.99541,3.61,0.7,11.5,1175.0,6
6.5,0.88,0.03,5.6,0.079,23.0,47.0,0.99572,3.58,0.5,11.2,1176.0,4
5.6,0.915,0.0,2.1,0.0409999999999999,17.0,78.0,0.99346,3.68,0.73,11.4,1178.0,5
8.2,0.35,0.33,2.4,0.076,11.0,47.0,0.99599,3.27,0.81,11.0,1179.0,6
9.8,0.39,0.43,1.65,0.068,5.0,11.0,0.99478,3.19,0.46,,1181.0,5
6.8,0.66,0.07,1.6,0.07,16.0,61.0,0.99572,3.29,0.6,9.3,1183.0,5
6.7,0.64,0.23,2.1,0.08,11.0,119.0,0.99538,3.36,0.7,10.9,1184.0,5
6.7,0.64,0.23,2.1,0.08,11.0,119.0,0.99538,3.36,0.7,10.9,1188.0,5
8.8,0.955,0.05,1.8,0.075,5.0,19.0,0.99616,3.3,0.44,9.6,1189.0,4
,0.4,0.57,4.6,0.08,6.0,20.0,0.99652,3.28,0.57,12.5,1190.0,6
6.5,0.885,0.0,2.3,0.166,6.0,12.0,0.99551,3.56,0.51,10.8,1191.0,5
7.2,0.25,0.37,2.5,0.063,11.0,41.0,0.99439,,,12.4,1192.0,7
7.0,0.745,0.12,1.8,0.114,15.0,64.0,0.99588,3.22,0.59,9.5,1194.0,6
6.2,0.43,0.22,1.8,0.078,21.0,56.0,0.99633,3.52,0.6,9.5,1195.0,6
7.7,0.57,0.21,1.5,0.069,4.0,9.0,0.99458,3.16,0.54,9.8,1197.0,6
7.7,0.26,0.26,2.0,,19.0,,0.9951,3.15,,10.9,1198.0,6
7.9,0.58,0.23,2.3,0.076,23.0,94.0,0.99686,,0.58,9.5,1199.0,6
7.7,0.57,0.21,1.5,0.069,4.0,9.0,0.99458,3.16,,9.8,,6
7.9,0.34,0.36,1.9,0.065,,10.0,0.99419,3.27,0.54,11.2,1201.0,7
8.6,0.42,0.39,1.8,0.068,,12.0,0.99516,3.35,0.69,11.7,1202.0,8
9.9,,,5.8,0.111,33.0,76.0,0.99878,3.14,,9.4,1203.0,5
7.2,0.36,0.46,2.1,0.074,24.0,44.0,,3.4,0.85,11.0,1204.0,7
7.2,0.36,0.46,2.1,0.074,24.0,44.0,0.99534,3.4,0.85,11.0,1206.0,7
9.9,0.72,0.55,1.7,0.136,24.0,52.0,0.99752,3.35,0.94,10.0,1207.0,5
7.2,0.36,0.46,2.1,0.074,24.0,44.0,0.99534,3.4,0.85,11.0,1208.0,7
6.2,0.39,0.43,2.0,0.071,14.0,24.0,0.99428,3.45,0.87,11.2,,7
6.8,0.65,0.02,2.1,0.078,,15.0,0.99498,3.35,0.62,10.4,1210.0,6
6.8,0.65,0.02,2.1,,8.0,15.0,0.99498,3.35,0.62,10.4,1212.0,6
10.2,0.33,0.46,1.9,0.081,6.0,9.0,0.99628,3.1,0.48,10.4,1214.0,6
7.9,0.57,0.31,2.0,0.079,10.0,79.0,0.99677,3.29,0.69,9.5,1216.0,6
9.0,0.39,0.4,1.3,0.044,25.0,50.0,0.99478,3.2,0.83,10.9,1219.0,6
10.9,0.32,0.52,1.8,0.132,17.0,44.0,0.99734,3.28,0.77,11.5,1220.0,6
10.9,0.32,0.52,1.8,0.132,17.0,44.0,0.99734,3.28,0.77,11.5,1221.0,6
12.6,0.39,0.49,2.5,0.08,8.0,20.0,0.9992,3.07,0.82,10.3,1224.0,6
9.2,0.46,0.23,2.6,,18.0,77.0,0.99922,3.15,0.51,9.4,1225.0,5
7.5,0.58,0.03,4.1,,27.0,46.0,0.99592,3.02,0.47,9.2,1226.0,5
9.0,0.58,0.25,2.0,0.104,8.0,21.0,0.99769,3.27,0.72,9.6,1227.0,5
5.1,0.42,0.0,1.8,0.044,18.0,88.0,0.99157,3.68,0.73,13.6,1228.0,7
7.6,0.43,0.29,2.1,0.075,19.0,66.0,0.99718,3.4,0.64,9.5,1229.0,5
7.7,0.18,,,0.066,15.0,58.0,0.9947,3.37,0.78,,1230.0,6
7.8,0.815,0.01,2.6,0.074,48.0,90.0,0.99621,3.38,0.62,10.8,1231.0,5
7.6,0.43,0.29,2.1,0.075,19.0,66.0,0.99718,3.4,0.64,9.5,1232.0,5
7.1,0.75,0.01,2.2,0.059,11.0,18.0,0.99242,3.39,0.4,12.8,1234.0,6
7.8,0.55,0.0,,0.07,7.0,17.0,0.99659,3.26,0.64,9.4,1236.0,6
7.1,0.75,0.01,2.2,0.059,11.0,18.0,0.99242,3.39,0.4,12.8,1237.0,6
8.1,0.73,0.0,2.5,0.081,12.0,24.0,0.99798,3.38,0.46,9.6,1238.0,4
6.5,0.67,0.0,4.3,0.057,11.0,20.0,0.99488,3.45,0.56,11.8,1239.0,4
7.5,0.61,0.2,1.7,0.076,36.0,,0.99494,3.1,0.4,9.3,1240.0,5
8.3,0.56,0.22,2.4,,10.0,86.0,0.9983,3.37,0.62,9.5,1243.0,5
7.4,0.55,0.19,1.8,0.0819999999999999,15.0,34.0,0.99655,3.49,0.68,10.5,1245.0,5
7.4,0.74,0.07,1.7,0.086,15.0,48.0,0.99502,3.12,0.48,10.0,1246.0,5
7.1,0.6,0.01,2.3,0.079,24.0,37.0,0.99514,3.4,0.61,10.9,1250.0,6
7.5,0.58,0.14,2.2,0.077,27.0,60.0,0.9963,3.28,0.59,9.8,1251.0,5
7.1,0.72,0.0,1.8,0.123,6.0,14.0,0.99627,3.45,0.58,9.8,1252.0,5
7.9,0.66,0.0,1.4,0.096,6.0,13.0,0.99569,3.43,0.58,9.5,1253.0,5
7.8,0.7,0.06,1.9,0.079,20.0,35.0,0.99628,3.4,0.69,10.9,,5
7.5,0.59,0.22,1.8,0.0819999999999999,43.0,60.0,0.99499,3.1,0.42,9.2,1256.0,5
,0.58,0.28,4.8,0.085,12.0,69.0,0.99633,3.32,0.7,11.0,,6
6.8,0.64,0.0,2.7,0.123,15.0,33.0,0.99538,3.44,0.63,11.3,1258.0,6
8.6,0.635,0.68,1.8,0.4029999999999999,19.0,56.0,0.99632,3.02,1.15,9.3,1260.0,5
6.3,1.02,0.0,2.0,0.083,17.0,24.0,0.99437,3.59,0.55,11.2,1261.0,4
9.8,0.45,0.38,2.5,0.081,34.0,66.0,0.99726,3.15,0.58,9.8,,5
8.5,0.37,0.32,1.8,0.066,26.0,51.0,0.99456,3.38,0.72,11.8,1264.0,6
7.2,0.57,0.05,2.3,0.081,,36.0,0.99564,3.38,0.6,10.3,1265.0,6
7.2,0.57,0.05,2.3,0.081,16.0,36.0,0.99564,3.38,0.6,10.3,1266.0,6
10.4,0.43,0.5,2.3,0.068,13.0,19.0,0.996,3.1,0.87,11.4,1267.0,6
6.9,0.41,0.31,2.0,0.079,21.0,51.0,0.99668,3.47,0.55,9.5,1268.0,6
5.0,0.38,0.01,1.6,0.048,26.0,60.0,0.99084,3.7,0.75,14.0,1270.0,6
7.3,0.44,0.2,1.6,0.049,24.0,64.0,0.9935,3.38,0.57,11.7,1271.0,6
5.9,,0.0,1.9,0.077,25.0,44.0,0.99385,3.5,0.53,11.2,1272.0,5
7.5,0.58,0.2,2.0,0.073,34.0,44.0,0.99494,3.1,,9.3,1273.0,5
7.8,0.58,0.13,2.1,0.102,17.0,36.0,0.9944,3.24,0.53,11.2,1274.0,6
8.0,0.715,0.22,2.3,0.075,13.0,81.0,0.99688,3.24,0.54,9.5,1275.0,6
8.5,0.4,0.4,6.3,0.05,3.0,10.0,0.99566,3.28,0.56,12.0,1276.0,4
7.0,0.69,0.0,1.9,0.114,3.0,10.0,0.99636,3.35,0.6,9.7,1277.0,6
,0.715,,2.3,0.075,13.0,,0.99688,3.24,0.54,9.5,1278.0,6
9.8,0.3,0.39,,0.062,3.0,9.0,0.9948,3.14,0.57,11.5,1279.0,7
7.1,0.46,0.2,1.9,0.077,28.0,54.0,0.9956,3.37,0.64,,1280.0,6
7.1,0.46,0.2,1.9,0.077,28.0,54.0,0.9956,3.37,0.64,10.4,1281.0,6
7.9,0.765,0.0,2.0,0.084,9.0,22.0,0.99619,3.33,0.68,10.9,1282.0,6
8.7,0.63,0.28,2.7,0.096,17.0,69.0,0.99734,3.26,0.63,10.2,1283.0,6
7.0,,0.19,2.3,0.071,18.0,,0.99476,3.39,0.56,10.9,1284.0,5
11.3,0.37,0.5,1.8,0.09,20.0,47.0,0.99734,3.15,0.57,10.5,1285.0,5
7.0,0.6,0.3,4.5,0.068,20.0,110.0,0.99914,3.3,1.17,10.2,1288.0,5
7.0,0.6,0.3,4.5,0.068,20.0,110.0,0.99914,3.3,1.17,,1289.0,5
7.6,0.74,0.0,1.9,0.1,6.0,12.0,0.99521,3.36,0.59,11.0,1290.0,5
8.2,0.635,0.1,2.1,0.073,25.0,60.0,0.99638,3.29,0.75,10.9,1291.0,6
5.9,0.395,0.13,,,14.0,28.0,0.99362,3.62,0.67,,1292.0,6
,0.63,0.0,4.3,0.093,51.0,77.5,0.99558,3.2,0.45,9.5,1296.0,5
7.2,0.53,0.14,2.1,0.064,15.0,29.0,0.99323,3.35,0.61,12.1,1297.0,6
5.7,0.6,0.0,,0.063,11.0,18.0,0.99191,3.45,0.56,12.2,1298.0,6
7.6,1.58,0.0,2.1,0.1369999999999999,5.0,9.0,0.99476,3.5,0.4,10.9,1299.0,3
5.2,0.645,,2.15,0.08,15.0,28.0,0.99444,3.78,0.61,12.5,1300.0,6
6.7,0.86,0.07,2.0,0.1,20.0,57.0,0.99598,3.6,0.74,11.7,1301.0,6
9.1,0.37,0.32,2.1,0.064,4.0,15.0,0.99576,3.3,0.8,11.2,1302.0,6
7.6,0.79,0.21,2.3,0.087,21.0,68.0,0.9955,3.12,0.44,9.2,1304.0,5
7.5,0.61,0.26,1.9,0.073,24.0,88.0,0.99612,3.3,0.53,9.8,1305.0,5
9.7,0.69,0.32,2.5,0.088,22.0,91.0,0.9979,3.29,0.62,10.1,1306.0,5
7.0,0.62,0.1,1.4,,27.0,63.0,0.996,3.28,0.61,9.2,1309.0,5
6.5,0.51,0.15,3.0,0.064,12.0,27.0,0.9929,3.33,0.59,12.8,1311.0,6
8.0,1.18,,1.9,0.083,14.0,41.0,0.99532,3.34,0.47,10.5,1312.0,5
7.5,0.63,0.27,2.0,0.083,17.0,91.0,0.99616,3.26,0.58,9.8,1315.0,6
5.4,0.74,0.0,1.2,0.0409999999999999,16.0,46.0,0.99258,4.01,,12.5,1316.0,6
9.1,0.76,0.68,1.7,0.414,18.0,64.0,0.99652,2.9,,9.1,1319.0,6
5.0,0.74,0.0,1.2,0.0409999999999999,16.0,46.0,0.99258,4.01,0.59,12.5,1321.0,6
,0.34,0.42,1.8,0.0579999999999999,9.0,18.0,0.99392,3.18,0.55,11.4,1322.0,5
6.7,0.46,0.24,1.7,0.077,18.0,34.0,0.9948,3.39,0.6,10.6,1324.0,6
6.7,0.46,0.24,1.7,0.077,18.0,34.0,0.9948,3.39,0.6,10.6,1325.0,6
6.7,0.46,0.24,1.7,0.077,18.0,34.0,0.9948,3.39,0.6,10.6,1326.0,6
6.7,0.46,0.24,,0.077,18.0,34.0,0.9948,3.39,0.6,10.6,1327.0,6
6.5,0.52,0.11,1.8,0.073,13.0,38.0,0.9955,3.34,0.52,9.3,1328.0,5
7.4,0.6,0.26,2.1,0.083,17.0,91.0,0.99616,3.29,0.56,9.8,1329.0,6
7.4,0.6,0.26,2.1,0.083,,91.0,0.99616,3.29,0.56,9.8,1330.0,6
7.8,0.87,0.26,3.8,0.107,31.0,67.0,0.99668,3.26,0.46,9.2,1331.0,5
8.4,0.39,0.1,1.7,0.075,6.0,25.0,0.99581,3.09,0.43,9.7,1332.0,6
9.1,0.775,0.22,2.2,,12.0,48.0,0.9976,3.18,0.51,9.6,1333.0,5
7.2,0.835,0.0,2.0,0.166,4.0,11.0,0.99608,3.39,0.52,10.0,,5
6.6,0.58,0.02,2.4,0.069,19.0,40.0,,3.38,0.66,12.6,1335.0,6
6.0,,0.0,1.4,0.057,15.0,26.0,0.99448,3.36,0.45,,1336.0,5
6.0,0.5,0.0,1.4,0.057,15.0,26.0,0.99448,3.36,0.45,9.5,1337.0,5
,0.5,,1.4,0.057,15.0,,0.99448,3.36,0.45,9.5,1338.0,5
,0.51,0.02,1.7,0.084,13.0,31.0,0.99538,3.36,0.54,10.5,1339.0,6
7.5,0.51,0.02,1.7,0.084,13.0,31.0,0.99538,3.36,0.54,10.5,1340.0,6
7.5,0.51,0.02,1.7,0.084,13.0,31.0,0.99538,3.36,,10.5,1341.0,6
7.5,0.51,0.02,1.7,0.084,13.0,31.0,,3.36,0.54,10.5,1343.0,6
11.5,0.42,0.48,2.6,,,20.0,,3.09,0.53,11.0,1344.0,5
8.2,0.44,0.24,2.3,0.063,10.0,28.0,0.99613,3.25,,10.2,1345.0,6
6.1,0.59,0.01,2.1,0.0559999999999999,5.0,13.0,0.99472,3.52,0.56,11.4,1346.0,5
7.2,0.655,0.03,1.8,0.078,7.0,12.0,0.99587,3.34,0.39,9.5,1347.0,5
7.2,0.62,0.01,2.3,0.065,8.0,46.0,0.99332,3.32,0.51,11.8,1351.0,6
7.6,0.645,0.03,1.9,0.086,14.0,57.0,0.9969,3.37,0.46,10.3,1353.0,5
6.1,0.32,0.25,1.8,0.086,5.0,32.0,0.99464,3.36,0.44,10.1,1355.0,5
6.1,0.34,0.25,1.8,0.084,4.0,28.0,0.99464,3.36,,10.1,1356.0,5
7.3,0.43,0.24,2.5,0.078,27.0,67.0,0.99648,3.6,0.59,11.1,1357.0,6
7.4,0.64,0.17,5.4,0.168,52.0,98.0,0.99736,3.28,,9.5,1358.0,5
11.6,0.475,0.4,1.4,0.091,6.0,28.0,0.99704,3.07,0.65,10.0333333333333,1359.0,6
8.3,0.85,0.14,2.5,0.093,13.0,54.0,0.99724,3.36,0.54,10.1,1361.0,5
11.6,0.475,0.4,1.4,0.091,6.0,28.0,0.99704,3.07,,10.0333333333333,1362.0,6
7.2,0.605,0.02,1.9,0.096,10.0,31.0,0.995,3.46,0.53,11.8,1364.0,6
7.3,0.74,0.08,1.7,0.094,10.0,45.0,0.99576,3.24,,9.8,1366.0,5
6.9,0.54,0.3,2.2,0.088,9.0,,0.99725,3.25,1.18,10.5,1367.0,6
8.0,0.77,0.32,2.1,0.079,16.0,74.0,0.99656,3.27,0.5,9.8,1368.0,6
8.7,0.78,0.51,,0.415,12.0,66.0,0.99623,3.0,1.17,9.2,1370.0,5
7.5,0.58,0.56,3.1,0.153,5.0,14.0,0.99476,3.21,1.03,11.6,1371.0,6
8.7,0.78,0.51,1.7,0.415,12.0,66.0,0.99623,3.0,1.17,9.2,1372.0,5
8.2,0.885,0.2,1.4,0.086,7.0,31.0,0.9946,3.11,,,1376.0,5
7.2,0.45,0.15,2.0,0.078,10.0,28.0,0.99609,3.29,0.51,9.9,1378.0,6
,0.57,0.02,2.6,0.077,11.0,35.0,0.99557,3.36,0.62,10.8,1379.0,6
7.5,0.57,0.02,2.6,,11.0,35.0,0.99557,3.36,0.62,,1380.0,6
8.0,0.6,0.22,2.1,0.08,25.0,105.0,0.99613,3.3,0.49,9.9,1382.0,5
8.0,0.6,0.22,2.1,0.08,25.0,105.0,0.99613,3.3,0.49,9.9,1383.0,5
7.1,0.755,0.15,1.8,0.107,20.0,84.0,0.99593,3.19,,9.5,1384.0,5
8.0,0.81,0.25,3.4,0.076,34.0,85.0,0.99668,3.19,0.42,9.2,1385.0,5
7.4,0.64,0.07,1.8,0.1,8.0,23.0,0.9961,3.3,0.58,9.6,1386.0,5
6.6,0.64,0.31,6.1,0.083,,49.0,0.99718,3.35,0.68,10.3,1388.0,5
6.0,0.49,0.0,2.3,0.068,15.0,33.0,0.99292,3.58,,12.5,1390.0,6
8.0,,0.22,2.4,0.094,5.0,33.0,0.99612,3.37,0.58,11.0,1391.0,5
7.1,0.62,0.06,1.3,0.07,5.0,12.0,,3.17,0.48,9.8,1392.0,5
8.0,0.52,0.25,2.0,0.078,19.0,59.0,0.99612,3.3,0.48,10.2,1393.0,5
,0.685,0.1,1.6,0.092,3.0,12.0,0.99745,3.31,,9.55,1395.0,6
,0.675,0.1,1.6,0.09,4.0,11.0,0.99745,3.31,0.65,9.55,1396.0,5
7.3,0.59,0.26,2.0,0.08,17.0,104.0,0.99584,3.28,0.52,9.9,,5
7.2,0.67,0.0,2.2,0.068,10.0,24.0,0.9956,3.42,0.72,11.1,1399.0,6
7.9,0.69,0.21,2.1,0.08,33.0,141.0,0.9962,3.25,0.51,9.9,,5
7.6,0.3,0.42,2.0,0.052,6.0,24.0,0.9963,3.44,0.82,11.9,1402.0,6
,0.33,0.33,1.7,0.061,3.0,13.0,0.996,3.23,1.1,10.0,1403.0,8
8.0,0.5,0.39,2.6,0.0819999999999999,12.0,46.0,0.9985,3.43,0.62,10.7,1404.0,6
8.2,0.24,0.34,,0.062,8.0,22.0,0.9974,3.22,0.94,,1406.0,6
,0.51,,2.1,0.064,40.0,54.0,0.995,3.54,0.93,10.7,1407.0,6
8.1,0.29,,2.2,0.048,35.0,53.0,0.995,3.27,,12.4,1408.0,7
6.0,0.51,0.0,2.1,0.064,40.0,54.0,0.995,3.54,0.93,10.7,1409.0,6
6.6,0.96,0.0,1.8,0.0819999999999999,5.0,16.0,0.9936,3.5,0.44,11.9,1410.0,6
6.4,0.47,,2.4,0.071,8.0,19.0,0.9963,3.56,0.73,,1411.0,6
8.2,0.24,0.34,5.1,0.062,8.0,22.0,,3.22,0.94,10.9,1412.0,6
9.9,0.57,0.25,,0.104,12.0,89.0,0.9963,3.04,0.9,10.1,1413.0,5
,0.32,0.59,,0.077,3.0,15.0,0.9994,3.2,0.78,9.6,1414.0,5
6.2,0.58,0.0,1.6,0.065,8.0,18.0,0.9966,3.56,0.84,9.4,1415.0,5
10.0,0.32,0.59,2.2,0.077,3.0,15.0,0.9994,3.2,0.78,9.6,1416.0,5
7.3,0.34,0.33,2.5,0.064,21.0,37.0,0.9952,3.35,0.77,12.1,1417.0,7
7.8,0.53,0.01,,0.077,3.0,19.0,0.995,3.16,0.46,9.8,1418.0,5
7.7,0.64,0.21,2.2,0.077,,133.0,0.9956,3.27,0.45,9.9,1419.0,5
7.8,0.53,0.01,1.6,0.077,3.0,19.0,,3.16,0.46,,1420.0,5
7.5,0.4,0.18,1.6,0.079,24.0,58.0,0.9965,3.34,0.58,9.4,1421.0,5
7.0,0.54,,2.1,0.079,39.0,55.0,0.9956,3.39,0.84,11.4,1422.0,6
6.4,0.53,0.09,3.9,0.123,14.0,31.0,0.9968,3.5,0.67,11.0,1423.0,4
7.6,0.41,0.33,2.5,,6.0,23.0,0.9957,3.3,0.58,11.2,1427.0,5
7.8,0.64,0.0,1.9,0.072,27.0,55.0,0.9962,3.31,0.63,11.0,1428.0,5
7.9,0.18,,2.2,0.049,38.0,67.0,0.996,3.33,0.93,11.3,1429.0,5
7.4,0.41,0.24,1.8,0.066,18.0,47.0,0.9956,3.37,0.62,10.4,1430.0,5
7.6,0.43,0.31,2.1,0.069,13.0,74.0,0.9958,3.26,0.54,9.9,1431.0,6
6.1,0.4,0.16,1.8,0.069,11.0,25.0,0.9955,3.42,0.74,10.1,1433.0,7
10.2,0.54,0.37,15.4,0.214,55.0,95.0,1.00369,3.18,0.77,9.0,1434.0,6
10.0,0.38,0.38,1.6,0.1689999999999999,27.0,90.0,0.99914,3.15,0.65,8.5,1436.0,5
6.8,0.915,0.29,4.8,0.07,15.0,39.0,0.99577,3.53,0.54,11.1,1437.0,5
7.0,0.59,0.0,,0.052,3.0,8.0,,3.41,0.47,10.3,1438.0,5
7.3,0.67,0.02,2.2,0.072,31.0,92.0,0.99566,3.32,0.68,11.066666666666698,1439.0,6
6.9,0.58,0.2,1.75,0.0579999999999999,8.0,22.0,0.99322,3.38,0.49,11.7,1443.0,5
7.4,0.785,0.19,5.2,0.094,19.0,98.0,0.99713,3.16,0.52,9.6,1445.0,6
6.8,0.67,0.0,1.9,0.08,22.0,39.0,0.99701,3.4,0.74,9.7,1447.0,5
7.2,0.38,0.31,2.0,0.0559999999999999,15.0,29.0,0.99472,3.23,,11.3,1449.0,8
7.2,0.37,0.32,2.0,0.062,15.0,28.0,0.9947,3.23,0.73,11.3,1450.0,7
7.8,0.32,0.44,2.7,0.104,8.0,17.0,0.99732,3.33,0.78,11.0,1451.0,7
6.6,0.58,0.02,2.0,0.062,37.0,53.0,0.99374,3.35,0.76,11.6,1452.0,7
11.7,0.45,0.63,2.2,0.073,7.0,23.0,0.99974,3.21,0.69,10.9,1454.0,6
6.5,0.9,0.0,1.6,0.052,,17.0,0.99467,3.5,0.63,,1455.0,6
7.6,0.49,0.33,1.9,0.074,27.0,85.0,0.99706,3.41,0.58,9.0,1457.0,5
8.4,0.29,0.4,1.7,0.067,8.0,20.0,0.99603,3.39,0.6,10.5,1458.0,5
7.9,0.2,0.35,1.7,0.054,7.0,15.0,,3.32,0.8,11.9,1459.0,7
,0.42,0.09,,0.054,34.0,64.0,0.99724,3.41,0.68,10.4,1460.0,6
6.2,0.785,0.0,,0.06,6.0,13.0,0.99664,3.59,0.61,10.0,1461.0,4
6.9,0.63,0.01,2.4,0.076,14.0,39.0,0.99522,3.34,0.53,10.8,,6
6.8,0.59,0.1,1.7,0.063,34.0,,0.9958,3.41,,9.7,1464.0,5
7.3,0.48,0.32,2.1,0.062,31.0,54.0,0.99728,3.3,0.65,10.0,1466.0,7
6.7,1.04,0.08,2.3,0.067,19.0,32.0,0.99648,3.52,0.57,11.0,1467.0,4
7.3,0.48,,2.1,0.062,31.0,54.0,0.99728,3.3,0.65,10.0,1468.0,7
7.3,0.98,0.05,2.1,0.061,20.0,49.0,0.99705,3.31,0.55,9.7,,3
10.0,0.69,0.11,1.4,0.084,8.0,24.0,0.99578,2.88,0.47,9.7,1470.0,5
6.7,0.7,,3.75,0.067,8.0,16.0,0.99334,3.43,0.52,12.6,1471.0,5
7.6,0.35,0.6,2.6,0.073,23.0,44.0,0.99656,3.38,0.79,11.1,,6
,0.6,0.08,1.8,0.071,14.0,45.0,0.99336,3.38,0.54,11.0,1473.0,5
9.9,,0.5,13.8,0.205,48.0,82.0,1.00242,3.16,0.75,8.8,1474.0,5
5.3,0.47,0.11,2.2,0.048,16.0,89.0,0.99182,3.54,0.88,13.566666666666698,1475.0,7
9.9,0.5,0.5,13.8,0.205,48.0,82.0,1.00242,3.16,0.75,8.8,1476.0,5
5.3,0.47,0.11,2.2,0.048,16.0,89.0,0.99182,3.54,0.88,13.6,1477.0,7
,0.875,0.05,5.7,0.0819999999999999,3.0,14.0,0.99808,3.4,0.52,10.2,1478.0,3
8.2,0.28,0.6,3.0,0.104,10.0,22.0,0.99828,3.39,0.68,10.6,,5
5.6,0.62,0.03,1.5,0.08,6.0,,0.99498,3.66,0.62,10.1,1480.0,4
8.2,0.28,0.6,3.0,0.104,,22.0,0.99828,3.39,0.68,10.6,1481.0,5
8.1,0.33,0.44,1.5,0.042,6.0,12.0,0.99542,3.35,0.61,10.7,1483.0,5
7.0,0.655,0.16,2.1,0.074,,25.0,0.99606,,0.55,9.7,1485.0,5
6.8,0.68,0.21,2.1,0.07,9.0,23.0,0.99546,3.38,0.6,10.3,1486.0,5
6.0,0.64,0.05,1.9,0.066,9.0,17.0,0.99496,3.52,0.78,10.6,1487.0,5
5.6,0.54,0.04,1.7,0.049,,13.0,,3.72,0.58,11.4,1488.0,5
7.1,0.22,0.49,1.8,0.039,8.0,18.0,0.99344,3.39,0.56,12.4,1490.0,6
6.2,0.65,0.06,1.6,0.05,6.0,18.0,0.99348,3.57,0.54,,1492.0,5
7.7,0.54,0.26,1.9,0.089,23.0,147.0,0.99636,3.26,0.59,9.7,1493.0,5
6.4,0.31,0.09,1.4,0.066,15.0,28.0,0.99459,3.42,0.7,10.0,1494.0,7
7.0,0.43,0.02,1.9,0.08,15.0,,0.99492,3.35,0.81,10.6,1495.0,6
6.9,0.74,0.03,2.3,0.054,7.0,16.0,0.99508,3.45,0.63,11.5,1497.0,6
6.9,0.74,0.03,2.3,0.054,7.0,16.0,0.99508,3.45,0.63,11.5,1499.0,6
7.8,0.82,0.29,4.3,0.083,21.0,64.0,0.99642,3.16,0.53,9.4,1501.0,5
6.2,0.44,0.39,2.5,0.077,6.0,14.0,0.99555,3.51,0.69,11.0,1503.0,6
7.5,0.38,0.57,2.3,,5.0,12.0,0.99605,,0.55,11.4,1504.0,6
6.7,0.76,0.02,1.8,0.078,6.0,12.0,0.996,3.55,0.63,9.95,1505.0,3
,0.81,0.05,2.0,0.07,6.0,14.0,0.99562,3.51,0.66,10.8,1506.0,6
7.5,0.38,0.57,2.3,0.106,5.0,12.0,0.99605,3.36,0.55,11.4,,6
7.1,0.27,0.6,2.1,0.074,17.0,25.0,0.99814,3.38,0.72,10.6,1508.0,6
7.9,0.18,0.4,1.8,0.062,7.0,20.0,0.9941,3.28,0.7,11.1,1509.0,5
6.4,0.36,0.21,,0.047,26.0,48.0,0.99661,3.47,0.77,9.7,,6
7.1,0.69,0.04,2.1,,19.0,27.0,0.99712,3.44,0.67,9.8,1511.0,5
,0.84,0.21,4.1,0.074,16.0,65.0,0.99842,3.53,0.72,,1514.0,6
6.9,0.84,0.21,4.1,0.074,16.0,65.0,0.99842,3.53,0.72,9.25,1515.0,6
6.5,0.53,0.06,2.0,0.063,29.0,44.0,0.99489,3.38,0.83,10.3,1517.0,6
7.4,0.47,0.46,2.2,0.114,7.0,20.0,0.99647,3.32,,10.5,1518.0,5
6.6,0.7,0.08,2.6,0.106,14.0,27.0,0.99665,3.44,0.58,10.2,1519.0,5
6.1,0.32,0.25,2.3,0.071,23.0,58.0,0.99633,3.42,,10.6,1522.0,5
6.8,0.48,0.25,2.0,0.076,29.0,61.0,0.9953,3.34,0.6,10.4,1523.0,5
,0.48,0.08,2.1,0.064,18.0,34.0,0.99552,3.33,0.64,9.7,1525.0,5
6.8,0.47,0.08,2.2,0.064,18.0,38.0,0.99553,3.3,0.65,9.6,1526.0,6
7.9,0.29,0.49,2.2,0.096,21.0,59.0,0.99714,3.31,0.67,10.1,1528.0,6
7.1,0.69,0.08,2.1,0.063,42.0,52.0,0.99608,3.42,0.6,10.2,1529.0,6
6.6,0.44,0.09,2.2,0.063,9.0,18.0,0.99444,3.42,0.69,11.3,1530.0,6
6.1,,0.1,2.8,0.081,13.0,28.0,0.99631,3.6,0.66,10.2,1531.0,5
,0.53,0.13,2.0,0.0579999999999999,18.0,22.0,0.99573,3.21,0.68,9.9,1532.0,6
8.0,0.39,0.3,1.9,0.074,32.0,84.0,0.99717,3.39,0.61,9.0,1533.0,5
6.6,0.56,,2.4,0.064,13.0,29.0,0.99397,3.42,0.62,11.7,1534.0,7
7.0,0.55,0.13,,0.075,15.0,35.0,0.9959,3.36,0.59,9.7,1535.0,6
6.2,0.64,0.09,2.5,0.081,15.0,26.0,0.99538,3.57,,,1538.0,5
6.2,0.52,0.08,4.4,0.071,11.0,32.0,0.99646,3.56,0.63,11.6,1540.0,6
8.4,0.37,0.43,2.3,0.063,,19.0,0.9955,3.17,0.81,11.2,1544.0,7
6.5,0.63,0.33,1.8,0.059,16.0,,0.99531,3.36,0.64,10.1,1545.0,6
7.0,0.57,0.02,2.0,0.072,17.0,26.0,0.99575,3.36,0.61,10.2,1546.0,5
11.2,0.4,,2.0,0.099,19.0,50.0,0.99783,3.1,0.58,10.4,1548.0,5
7.4,0.36,0.3,1.8,0.074,17.0,24.0,0.99419,3.24,0.7,11.4,,8
7.1,0.67,0.0,2.3,0.083,18.0,27.0,,3.44,0.54,9.4,1551.0,5
6.3,0.68,0.01,3.7,0.103,32.0,54.0,0.99586,3.51,0.66,11.3,1552.0,6
7.3,0.735,0.0,2.2,0.08,18.0,28.0,0.99765,3.41,0.6,9.4,1553.0,5
7.0,0.56,0.17,1.7,0.065,15.0,24.0,0.99514,3.44,0.68,10.55,1555.0,7
6.6,0.88,0.04,2.2,0.066,12.0,20.0,0.99636,3.53,0.56,9.9,1556.0,5
6.6,0.855,0.02,2.4,,15.0,23.0,0.99627,3.54,0.6,11.0,1557.0,6
6.9,,0.33,6.7,0.235,66.0,115.0,0.99787,3.22,0.56,9.5,1558.0,5
7.8,0.6,0.26,2.0,0.08,31.0,131.0,0.99622,3.21,,9.9,1559.0,5
7.8,0.6,0.26,2.0,0.08,31.0,131.0,0.99622,,0.52,9.9,1560.0,5
7.8,0.6,0.26,2.0,0.08,31.0,131.0,0.99622,3.21,0.52,9.9,1561.0,5
7.2,0.695,0.13,2.0,0.076,12.0,20.0,0.99546,3.29,0.54,10.1,1562.0,5
7.2,0.695,0.13,2.0,0.076,12.0,20.0,0.99546,3.29,0.54,10.1,1563.0,5
6.7,0.67,0.02,1.9,0.061,26.0,42.0,0.99489,3.39,0.82,10.9,1565.0,6
6.7,0.16,0.64,2.1,0.059,24.0,52.0,0.99494,3.34,0.71,11.2,1566.0,6
7.2,,0.13,2.0,0.076,12.0,20.0,0.99546,3.29,0.54,10.1,1567.0,5
,0.56,0.13,1.6,0.077,25.0,42.0,0.99629,3.34,0.59,9.2,1568.0,5
6.2,0.51,0.14,1.9,0.0559999999999999,15.0,34.0,0.99396,3.48,0.57,,,6
6.4,0.36,0.53,2.2,0.23,19.0,35.0,0.9934,3.37,0.93,12.4,1570.0,6
6.4,0.38,0.14,2.2,0.038,15.0,25.0,0.99514,3.44,0.65,11.1,1571.0,6
7.3,0.69,0.32,2.2,0.069,35.0,104.0,0.99632,3.33,0.51,9.5,1572.0,5
6.0,0.58,0.2,2.4,,15.0,50.0,0.99467,3.58,0.67,12.5,1573.0,6
7.5,0.52,0.4,2.2,0.06,12.0,20.0,0.99474,3.26,0.64,11.8,1575.0,6
8.0,0.3,0.63,1.6,0.081,16.0,29.0,0.99588,3.3,0.78,10.8,1576.0,6
6.2,0.7,0.15,5.1,0.076,13.0,27.0,0.99622,3.54,0.6,11.9,,6
6.8,0.67,0.15,1.8,0.118,13.0,20.0,0.9954,3.42,,,1578.0,6
7.4,0.35,0.33,2.4,,9.0,26.0,0.9947,3.36,0.6,11.9,1580.0,6
,0.715,0.1,2.6,,13.0,27.0,0.99362,3.57,0.5,11.9,1582.0,5
6.2,0.46,0.29,2.1,0.074,32.0,98.0,0.99578,3.33,0.62,9.8,1583.0,5
,0.32,,2.4,0.061,24.0,34.0,0.99484,3.29,0.8,11.6,1584.0,7
7.5,0.31,0.41,2.4,0.065,34.0,60.0,0.99492,3.34,0.85,11.4,1586.0,6
5.8,0.61,0.11,1.8,0.066,18.0,28.0,0.99483,3.55,0.66,10.9,1587.0,6
6.3,0.55,0.15,1.8,0.077,26.0,,,,0.82,11.6,1590.0,6
5.4,0.74,,1.7,0.089,16.0,26.0,0.99402,3.67,0.56,11.6,1591.0,6
6.3,0.51,0.13,2.3,0.076,29.0,40.0,0.99574,3.42,0.75,11.0,1592.0,6
6.8,0.62,0.08,1.9,0.068,28.0,38.0,0.99651,3.42,0.82,9.5,1593.0,6
6.2,0.6,0.08,2.0,0.09,32.0,44.0,0.9949,,0.58,10.5,1594.0,5
5.9,0.55,0.1,2.2,0.062,39.0,51.0,0.99512,3.52,,11.2,1595.0,6
5.9,0.645,0.12,2.0,0.075,32.0,44.0,0.99547,3.57,0.71,10.2,1597.0,5
